,Golden Grains
0,1302675.4024574351
1,1301073.8872012675
2,1302011.2334582666
3,1299666.770939843
4,1301610.029262479
5,1298265.1371087842
6,1308944.992198836
7,1306251.9253586228
8,1303243.7740416932
9,1305275.920013725
10,1307510.5674733974
11,1302004.99829231
12,1310823.4252863682
13,1300176.2651575839
14,1298890.9325640947
15,1303878.9005540875
16,1292228.383142713
17,1315078.0943114017
18,1300871.096544559
19,1296669.5022787945
20,1306610.8962602708
21,1303680.0605708573
22,1299364.0423231607
23,1302404.806142271
24,1303567.3659305014
25,1303605.7150489872
26,1299651.7016674567
27,1302930.4744735046
28,1301114.5681466078
29,1310738.3670943945
30,1301840.0734626476
31,1308050.215415515
32,1308805.6833696894
33,1310325.5910600391
34,1308701.867416516
35,1298940.7201058813
36,1302244.233383042
37,1299815.138781645
38,1312581.6206614212
39,1298307.9553732784
40,1301731.8328249108
41,1307148.8538610425
42,1306966.0426178693
43,1302826.136561407
44,1304878.6957325565
45,1305703.8194339583
46,1296155.1285467749
47,1304202.675753608
48,1298272.7640943704
49,1304839.0648035323
50,1309821.8781096751
51,1315427.3997785214
52,1304675.9927516053
53,1309417.7902710051
54,1297515.6596794853
55,1300685.7653321913
56,1307138.558277506
57,1308861.7231541136
58,1297264.1730534695
59,1296149.434383112
60,1302504.8900082088
61,1299735.8267343221
62,1304126.4967394068
63,1301398.1701462546
64,1298765.2031341593
65,1308271.9640617385
66,1308791.885936472
67,1298754.025041281
68,1299198.6525769404
69,1306192.1167395073
70,1295560.111526407
71,1302562.4348476506
72,1301987.3048632024
73,1316054.9349164201
74,1303319.8988374588
75,1295178.7001968417
76,1311445.4711645679
77,1308513.0594751586
78,1314759.7863155922
79,1305637.0313425781
80,1306753.2387981745
81,1310168.7740721167
82,1296204.6353935325
83,1303765.579876613
84,1302219.499674371
85,1295240.245290259
86,1299510.6492205572
87,1304132.761266296
88,1303781.1619873329
89,1304106.1407476587
90,1306619.54159497
91,1309426.3749005604
92,1319568.916820311
93,1302200.7907663453
94,1302435.6564168157
95,1313546.8713138204
96,1297407.4215498345
97,1311096.2666386133
98,1313010.5130702048
99,1296419.78238505
100,1310776.9091989067
101,1304216.6232955211
102,1297456.4179292966
103,1298450.1502982501
104,1299482.8077884857
105,1296687.9368160763
106,1298479.9803257496
107,1306192.5571581495
108,1304752.9795700489
109,1304856.1988056619
110,1311871.5058686016
111,1298748.738694191
112,1298137.182079056
113,1305154.6780369035
114,1296215.6891090926
115,1307578.2141529536
116,1304900.6717173362
117,1316930.856533884
118,1301529.4891600485
119,1301030.2822033963
120,1302572.3045980276
121,1307213.6731751668
122,1303282.9127821028
123,1306631.3300060527
124,1301379.8948605072
125,1298546.491652678
126,1307512.0465134273
127,1304356.8475188997
128,1309405.4394938934
129,1301907.6275647918
130,1301671.5702207794
131,1308521.5098442174
132,1305549.0150166391
133,1293620.034492505
134,1306916.3993238993
135,1297541.3080069998
136,1302635.9769369701
137,1312351.9281600567
138,1306807.3827363267
139,1302319.1359813758
140,1308327.7106294055
141,1304127.056989504
142,1306631.2258722242
143,1299010.9548001224
144,1311340.3613271026
145,1310769.1911831137
146,1300591.8128834479
147,1297037.49130061
148,1303037.3367102267
149,1301311.4357915327
150,1298717.2679572192
151,1304807.1589055068
152,1306540.0348917206
153,1310023.990941439
154,1311875.0701953415
155,1300095.496651104
156,1302089.155117211
157,1304867.8746022284
158,1307565.3309653988
159,1301436.600791685
160,1304832.132976479
161,1301602.7869880006
162,1296966.872944634
163,1316379.4122743064
164,1296346.315775789
165,1297529.9869768715
166,1299552.3998468495
167,1306701.1812673614
168,1305202.1744226157
169,1294147.7220231446
170,1296704.0584956002
171,1301169.6744328705
172,1303586.7964456154
173,1299456.954865873
174,1306265.967140842
175,1296022.388885767
176,1294794.7465616823
177,1300922.1542441973
178,1310112.6532438297
179,1297294.2172309451
180,1303231.2880503798
181,1299467.8579936926
182,1300850.1695962523
183,1302612.0031247337
184,1311528.657592461
185,1304886.2897884254
186,1304857.0190629065
187,1315451.0954817545
188,1300686.780006159
189,1304011.415354972
190,1302774.50818612
191,1296292.283620378
192,1299203.326223744
193,1313295.0604906247
194,1306044.759987704
195,1293423.892642736
196,1302001.2753420938
197,1296274.1184517012
198,1298103.9272546414
199,1303560.469598664
200,1305392.7031612853
201,1302677.5262248921
202,1310476.7651493321
203,1299139.9270055988
204,1303403.6593888127
205,1308243.81911796
206,1292439.987648619
207,1303186.6429653703
208,1303106.4851934556
209,1305812.1036158304
210,1304445.8665694285
211,1314085.3557375523
212,1303671.7850093257
213,1298992.5124658833
214,1310840.5690797311
215,1302787.929852044
216,1307144.9146953803
217,1288861.8605011546
218,1307945.7904092295
219,1305568.1769624215
220,1304683.1110278855
221,1300506.656284242
222,1306285.7795131032
223,1302371.146886487
224,1304379.742936826
225,1302202.5551038748
226,1304190.2877672801
227,1305294.9578063106
228,1300076.8839792665
229,1309946.4440061024
230,1309078.3709630396
231,1300877.4857984246
232,1305000.0817095193
233,1304373.445046212
234,1295125.8465964189
235,1296789.4259816785
236,1302671.1460706384
237,1301591.5246121082
238,1301273.6763689623
239,1309971.059746363
240,1302414.8220658973
241,1296304.421845636
242,1311155.6640446524
243,1301384.3452877705
244,1301124.6380842135
245,1302742.8006863766
246,1305692.6814831595
247,1303760.6651404197
248,1307646.6957927833
249,1296981.124785327
250,1308901.1801238568
251,1305614.9161543758
252,1295244.548860934
253,1302116.9305594913
254,1306804.26622217
255,1294613.348215421
256,1304832.987686153
257,1311579.0582971007
258,1298937.956008814
259,1295490.620400374
260,1310922.6618288215
261,1298613.934885969
262,1297165.6367775332
263,1310696.4037684044
264,1304215.2140308772
265,1298934.7484834671
266,1308519.9743677175
267,1294597.5698903352
268,1310045.4350633326
269,1313015.0909886004
270,1304817.253345211
271,1318891.859629375
272,1292085.4199077855
273,1309896.0413468704
274,1308931.234163595
275,1297369.595184981
276,1309263.7642813209
277,1303299.7647734785
278,1303876.6029990974
279,1299819.5683534027
280,1315701.1768627404
281,1292360.1083136697
282,1310258.1594125354
283,1296306.3960058875
284,1305757.7017416204
285,1302101.585397667
286,1307468.1744721474
287,1297306.3930385916
288,1300641.8003709067
289,1305092.67662035
290,1308334.7730400495
291,1312124.187066712
292,1310645.621329635
293,1300916.8490720165
294,1311855.5867949121
295,1294259.9430219284
296,1308541.0490896776
297,1311018.1888636865
298,1304191.9492353492
299,1305495.8084307779
300,1301260.9650040835
301,1306623.8845181663
302,1304092.6119375147
303,1304249.7155044298
304,1303091.0512792037
305,1298937.6738627846
306,1303480.6154344499
307,1300784.165306459
308,1310104.4890714085
309,1301770.5544275888
310,1302482.1451594487
311,1301641.8969316408
312,1297151.7148572123
313,1299948.1216988654
314,1310009.808703344
315,1315705.086180209
316,1301683.515298242
317,1304590.807524517
318,1299105.6038111656
319,1292034.9869238816
320,1301191.5104706222
321,1310162.6262915994
322,1303163.7441951826
323,1322244.367850024
324,1298188.8683427512
325,1303081.8032253962
326,1300901.5545364823
327,1294334.9066129471
328,1293254.952688311
329,1301774.399369886
330,1296416.6171852462
331,1305550.1582771128
332,1302541.5427850846
333,1302123.8504797742
334,1302517.7410957967
335,1301804.8067850345
336,1286511.581844865
337,1306533.9853371277
338,1306612.6759390358
339,1300370.6280883981
340,1307546.3077822453
341,1297138.0902933627
342,1306517.8225297502
343,1303823.2931187807
344,1308751.5589237248
345,1307955.0073554
346,1306386.0969461293
347,1304008.5889968206
348,1311134.6127168448
349,1305163.371760758
350,1305114.5067978515
351,1306807.0313837535
352,1301637.904147745
353,1304028.4109593646
354,1312239.0126322233
355,1308828.7808099005
356,1306450.1782142667
357,1300025.1707936353
358,1308484.2051220646
359,1296727.4412340338
360,1306599.1936495274
361,1302635.7401567663
362,1295789.2910970158
363,1306948.0124115741
364,1313534.3764529882
365,1306653.9156341222
366,1302820.104892232
367,1304360.1944340926
368,1302041.1774865882
369,1309907.3247345022
370,1308652.890883683
371,1303095.584480133
372,1300928.5713481922
373,1295979.0613368757
374,1316721.1893666817
375,1301129.7238914354
376,1305044.177688911
377,1297282.2265697382
378,1294585.708504969
379,1303031.0640414834
380,1297273.3337258257
381,1312952.145547002
382,1297266.4734054678
383,1309636.835990876
384,1301773.1793712622
385,1313263.9737034708
386,1294665.3630144119
387,1306499.6021124
388,1313454.8493945308
389,1298954.9148208357
390,1302738.9314726242
391,1302919.205466937
392,1308869.6870955655
393,1293673.8257057886
394,1306538.512051842
395,1305164.3982420503
396,1303041.685421473
397,1294527.0889367573
398,1294689.777898311
399,1316487.827604058
400,1309783.8225690173
401,1306772.8659150673
402,1302343.5552573572
403,1303701.7827754556
404,1306475.69738776
405,1305006.4785943483
406,1302255.9608162302
407,1310657.739079099
408,1301991.6716568938
409,1303781.4015308802
410,1305551.516884357
411,1302614.4712974105
412,1305484.9549448818
413,1295734.817028923
414,1301554.622281761
415,1301534.0396851548
416,1310137.3611230992
417,1295038.0018221913
418,1306063.6338822206
419,1306522.4349241613
420,1309255.428059075
421,1297455.3717234689
422,1309161.7963266862
423,1301368.1493624523
424,1305064.2179124446
425,1309163.9670376978
426,1305052.0126732944
427,1304023.2237353937
428,1304187.555468565
429,1305413.3716696433
430,1303203.7904948255
431,1306301.762918878
432,1298948.1528520049
433,1307043.417001369
434,1297351.248217898
435,1301867.7253232107
436,1299842.7082091316
437,1300616.125746102
438,1291451.5321793805
439,1306608.4230722152
440,1299545.8935479494
441,1296557.6341368614
442,1301294.3806817352
443,1296951.5929451135
444,1308894.8986546039
445,1299324.290317775
446,1309920.649468811
447,1306023.7639848555
448,1303805.210262701
449,1308872.2646725494
450,1302487.7348270551
451,1303263.5784908333
452,1306596.23366897
453,1306807.7971965421
454,1302477.8145366027
455,1303352.3210937572
456,1297584.1593819554
457,1307660.0309301326
458,1303344.1018970727
459,1308169.6281907766
460,1309724.54876843
461,1306171.3067292827
462,1302189.8004268415
463,1304425.7837381708
464,1300645.1772407084
465,1302893.437718402
466,1307905.591305444
467,1295423.2482735806
468,1308576.0055077977
469,1297735.800897853
470,1297190.361957769
471,1301497.586209307
472,1305230.5642478003
473,1293881.894103476
474,1304710.119043171
475,1308357.7235495122
476,1305039.0367200347
477,1295412.60503547
478,1311055.259790391
479,1299104.646439075
480,1303108.4024662038
481,1296398.922746802
482,1306836.34232673
483,1301719.870325637
484,1302586.3809383987
485,1308565.8755580143
486,1305771.5364756763
487,1302601.6930946943
488,1305632.6932051866
489,1296942.75412657
490,1301986.8831000559
491,1308616.8564139684
492,1301098.3167346562
493,1311936.5645280005
494,1306653.791122607
495,1314931.8124816353
496,1302220.2460775252
497,1306859.3754717966
498,1310884.1934982284
499,1300644.3516196348
500,1297071.2262873326
501,1308960.814930325
502,1302020.011001186
503,1306955.8547428201
504,1295618.2953267223
505,1305072.2862820288
506,1301907.5528090436
507,1299118.7991454701
508,1307347.533057907
509,1298064.5385397703
510,1303696.797910161
511,1299445.5222164681
512,1297298.8877006893
513,1303938.423324546
514,1307881.7777851122
515,1296905.235417358
516,1310424.069897806
517,1298641.7427457664
518,1307824.7659408206
519,1304632.6382630465
520,1300871.1009873117
521,1307401.498300031
522,1310895.8874748435
523,1305460.504593433
524,1307550.7707983977
525,1299491.6632156596
526,1295610.135251805
527,1304125.041476525
528,1298871.677618707
529,1305379.974583839
530,1298516.2143277235
531,1305307.475098172
532,1302973.2151095709
533,1298791.9316031253
534,1308407.9418610805
535,1308149.1946293556
536,1301863.458943149
537,1306551.1920551446
538,1306090.3447157724
539,1306694.907242555
540,1297977.2391542436
541,1299347.4452525463
542,1305044.0230866168
543,1310929.1924804337
544,1300332.9632745867
545,1302357.9654087692
546,1296450.6480676872
547,1297184.8765718217
548,1307577.8374442966
549,1295978.580950944
550,1302877.7155616018
551,1314321.498440006
552,1307798.098095346
553,1310056.555756127
554,1315233.0836848507
555,1294466.0097491827
556,1306109.450079836
557,1296732.708874111
558,1299045.6837463458
559,1301390.5938838802
560,1299235.8238346425
561,1305958.8562515692
562,1295886.4090919562
563,1310975.3221820046
564,1304326.8863987837
565,1298206.6289370367
566,1301294.3883375134
567,1304623.8770494205
568,1302657.5668011426
569,1305675.183964331
570,1298286.4133579177
571,1307250.4066551253
572,1294204.0998243175
573,1310837.411746838
574,1299087.407222826
575,1303447.0691348317
576,1308171.2979670144
577,1304859.2092663273
578,1294716.970923351
579,1305741.6478475027
580,1307676.9486155822
581,1303129.7499824162
582,1303087.2639079436
583,1307595.7313402926
584,1315438.7909409325
585,1305047.008919528
586,1309450.5768917406
587,1305515.4986194647
588,1297564.9516199788
589,1313159.0732434636
590,1309263.2615140544
591,1300340.4002348226
592,1308608.033740656
593,1303015.756455257
594,1300546.6143804307
595,1308431.2562651066
596,1306035.8105063145
597,1303688.2435821644
598,1305625.900746729
599,1302954.2064156448
600,1302299.72107561
601,1298036.8108968025
602,1304552.2478455906
603,1301695.294247766
604,1299425.96038897
605,1304100.8181284165
606,1314186.5679795945
607,1293045.1774987224
608,1299195.022702471
609,1304635.88803139
610,1304770.8567068698
611,1302909.2105506037
612,1304079.3846486006
613,1300260.7605912297
614,1303870.1227150187
615,1307965.8577533609
616,1296261.5107178902
617,1307657.5637493057
618,1295270.1418104006
619,1312767.8051392417
620,1304423.6714704984
621,1300756.7619017428
622,1291861.668549179
623,1295102.816220909
624,1306767.029199658
625,1299551.4491265023
626,1315925.416808579
627,1301155.3562061721
628,1308732.2761932465
629,1299892.0498955208
630,1317032.8820088303
631,1307830.1165907718
632,1294321.0923231775
633,1303363.6572937588
634,1302611.4847230858
635,1301786.4914104794
636,1304984.7406362256
637,1306758.8500066653
638,1309396.2415484353
639,1294500.1960756686
640,1303846.4318557668
641,1302884.8232050745
642,1300064.8702063386
643,1303078.5230595672
644,1302233.095840802
645,1300382.1262204696
646,1304741.4084998856
647,1306320.5695513405
648,1306698.4356655667
649,1297697.9985865576
650,1297412.7598583559
651,1302257.1745717283
652,1300293.4951029525
653,1300922.8735940196
654,1305413.2858473943
655,1305203.6325114064
656,1308691.6239793883
657,1303989.6111877095
658,1303250.0340747035
659,1296159.7863384988
660,1312247.6721117254
661,1301837.2967495485
662,1310844.3045201139
663,1302104.7654696081
664,1303425.5564740086
665,1306899.5901803733
666,1300845.627859385
667,1304162.6054420464
668,1304804.228348271
669,1304770.4460124378
670,1307897.364602596
671,1296171.9690157673
672,1301808.2440024698
673,1304170.0478240638
674,1298167.946760661
675,1302272.7825506094
676,1310269.259232426
677,1301616.845191401
678,1314733.0989109916
679,1304561.7670283467
680,1296642.4247424707
681,1302267.828399921
682,1297856.1225432951
683,1305381.650830085
684,1304133.9991490971
685,1305678.9840661674
686,1303960.6000015938
687,1308096.1585437572
688,1312859.7209029705
689,1299757.0288938023
690,1305245.919345384
691,1312439.959673235
692,1301387.7832665453
693,1305421.9905740567
694,1300332.8692985445
695,1308211.4962755286
696,1301710.1213132264
697,1301034.8872218274
698,1302082.773194668
699,1308467.1661630133
700,1300194.2459076801
701,1311333.957456661
702,1293099.1691661337
703,1301455.1985911976
704,1297742.7179219478
705,1303138.8873098032
706,1296972.813416248
707,1303964.7778695968
708,1307311.618608892
709,1298834.289881841
710,1311840.3217643318
711,1303009.956187065
712,1311939.3627286346
713,1298827.4066672835
714,1302736.397894694
715,1299815.029178309
716,1298701.4678138387
717,1304791.8160930814
718,1298668.1053754524
719,1303113.9407271896
720,1308199.9366494738
721,1300340.1764681991
722,1300129.6909582217
723,1298964.8343634128
724,1304085.6716164278
725,1310811.8672431058
726,1304298.7207984633
727,1301185.8616190553
728,1306066.9125235302
729,1305061.1488431592
730,1298381.7473380135
731,1298093.7865888707
732,1303711.2256805429
733,1298901.5304124628
734,1301323.4435287795
735,1300965.4818030102
736,1311088.2395004432
737,1295140.789518581
738,1302890.6317501026
739,1299953.2665399837
740,1302943.9989488595
741,1300475.471995019
742,1305024.8534463237
743,1300523.5952890443
744,1305706.2349666164
745,1298573.725771449
746,1304598.0404685705
747,1305411.2008906598
748,1302234.0907168912
749,1300150.803489487
750,1311182.1392719706
751,1299490.9763172974
752,1311155.1844581815
753,1299166.1504663439
754,1297125.0060117487
755,1305888.0987940768
756,1311949.6058193636
757,1307662.803865051
758,1304232.6603323477
759,1308335.5944013041
760,1314366.6551566331
761,1306033.7420502452
762,1300228.651502693
763,1296717.0358973357
764,1304548.6805100525
765,1299728.1369919209
766,1296094.103572019
767,1297338.1144111312
768,1318322.2961591342
769,1304626.6349988629
770,1298302.6634522604
771,1303021.2775797115
772,1311023.0918587942
773,1296247.8513243785
774,1299277.1619232565
775,1299477.424439098
776,1312440.9705854948
777,1302108.7674767273
778,1310417.802946059
779,1297252.1409939618
780,1300870.0405842476
781,1310038.7168397713
782,1307556.605781358
783,1302305.5662435694
784,1309729.8994566866
785,1302625.4346809103
786,1304014.9985577946
787,1302427.0496536233
788,1303227.8705393865
789,1308967.9757299763
790,1309612.3390205689
791,1300421.273025812
792,1313186.888279632
793,1299497.7417155039
794,1296328.0482236296
795,1299106.993848056
796,1296727.8319742784
797,1299616.0863970374
798,1307766.3733362616
799,1294505.7395263356
800,1302469.6857572272
801,1304162.1440397918
802,1292609.037368935
803,1294836.2808537537
804,1301731.4933812167
805,1304960.129976624
806,1299826.9423486167
807,1300586.1467272367
808,1304180.1553294614
809,1309889.2671287998
810,1296046.6547312073
811,1292120.6785664463
812,1304396.6473034183
813,1302180.6580253537
814,1302867.9985956734
815,1302523.3371030106
816,1300755.023190599
817,1300260.579940458
818,1300808.4238847957
819,1300858.6424537865
820,1299211.4091301272
821,1307403.9990310464
822,1299785.1180227243
823,1312731.2989816682
824,1302723.5160149543
825,1312454.11035445
826,1308783.996248812
827,1304047.732745382
828,1305776.9464465713
829,1303048.542840629
830,1293694.592462636
831,1308182.4088830638
832,1310899.7730363153
833,1303562.4417937177
834,1299582.8827615858
835,1302972.6833954272
836,1311856.002564566
837,1302214.6773884988
838,1302966.7513181479
839,1309703.5615682085
840,1306175.114272105
841,1296355.3237451722
842,1294980.6619173454
843,1300563.767187776
844,1298969.7515508423
845,1298685.2169077985
846,1300057.989743695
847,1300840.2030343518
848,1313393.9914866665
849,1300349.142908661
850,1305906.3998987195
851,1305717.7759559143
852,1296020.2103076698
853,1305145.2510473144
854,1297670.7055228904
855,1300748.8750062885
856,1306235.0780072955
857,1301370.3770177958
858,1295471.2404974329
859,1307974.857320081
860,1316314.4074795223
861,1302976.345531278
862,1297712.2067558286
863,1302251.3928016392
864,1303288.2579572785
865,1298997.5290995075
866,1302751.275216267
867,1303187.2354818229
868,1306414.2266857177
869,1304643.214675628
870,1307844.798505875
871,1306208.941069061
872,1299008.2614210246
873,1290067.580437108
874,1310627.1009204804
875,1305230.5368500364
876,1306443.4974814348
877,1299670.18696184
878,1302478.4557538598
879,1309573.0184637762
880,1290266.1926663537
881,1297330.5142901563
882,1297062.853098628
883,1312415.2383785585
884,1304195.101817108
885,1298766.5679094698
886,1304047.1646666094
887,1305561.3785620423
888,1307789.2225747078
889,1297238.5243725777
890,1305784.4033194764
891,1312692.916291603
892,1299278.4128392122
893,1305209.1884430703
894,1308693.8962481779
895,1310341.0734815402
896,1299581.4269429392
897,1298503.185309506
898,1302267.6474182613
899,1293298.2858048705
900,1311214.6041379762
901,1308911.1919643912
902,1307436.7708202517
903,1303112.7523381298
904,1300627.9677047024
905,1299987.4191345416
906,1302376.777874927
907,1313890.2870107512
908,1306665.0791676259
909,1307728.2039245213
910,1301243.5209628334
911,1308886.0464890362
912,1298267.2669773134
913,1307712.9264099193
914,1303469.6789088396
915,1301705.42647517
916,1304996.0406326363
917,1304039.5444741524
918,1306117.3534226373
919,1303688.202520816
920,1312245.366061105
921,1301462.1215023634
922,1306812.7629623066
923,1309137.5188319609
924,1309102.6023286136
925,1313450.0654448639
926,1295570.54584072
927,1295064.025597035
928,1300599.215193806
929,1295856.3892372712
930,1291316.8954123817
931,1297584.997809929
932,1298659.176866685
933,1297719.8931671206
934,1297377.8474742936
935,1300360.6214665207
936,1299123.482305902
937,1300495.5851586806
938,1306465.5150416908
939,1300173.993473579
940,1305055.2482070723
941,1303860.7663414527
942,1306367.3344689005
943,1314927.8195418515
944,1304305.381328397
945,1302472.1681817365
946,1303154.65110243
947,1302817.998869977
948,1304779.802472396
949,1306422.074255371
950,1307412.0772998047
951,1305559.4924479132
952,1313087.9110316145
953,1311341.6407506939
954,1299976.8507393915
955,1306222.4960428742
956,1306260.169624157
957,1305124.6922227894
958,1301855.2044811128
959,1301234.0765639804
960,1310453.5193068436
961,1314366.4893827406
962,1305531.469930212
963,1314659.2110080225
964,1307888.8403413352
965,1305159.7613083364
966,1296571.7226857222
967,1303332.8358889439
968,1298327.7769560523
969,1304650.210436327
970,1302565.6875099451
971,1305688.5642282988
972,1310964.0429288577
973,1305859.2650376116
974,1301283.6743741701
975,1291328.7604816286
976,1298685.2905058474
977,1305007.3844780952
978,1301878.6195194982
979,1299537.917156854
980,1304550.165076667
981,1305860.7898009669
982,1300781.9630908628
983,1311066.1744285768
984,1301729.7383895775
985,1303456.5946322489
986,1302664.038752221
987,1301736.4699973308
988,1304425.643578154
989,1300799.3804352207
990,1296329.4445924682
991,1297189.484125388
992,1305189.171033948
993,1310709.4356536812
994,1303076.3117097896
995,1300503.4548687516
996,1302430.15544018
997,1308996.1312486825
998,1309810.5258047814
999,1313158.8341601235
1000,1304331.2710233456
1001,1308306.4107679154
1002,1302492.5669780246
1003,1306345.9983361773
1004,1305644.6985777812
1005,1302658.2978072218
1006,1303786.3351017495
1007,1299255.8225548659
1008,1309967.8603756265
1009,1307734.2427377917
1010,1296333.6412941369
1011,1312082.6260409579
1012,1305900.96157587
1013,1308419.4120098935
1014,1302217.9107324153
1015,1308966.1864854288
1016,1297953.1313407233
1017,1305972.1294505782
1018,1294088.0745304774
1019,1304014.7592914163
1020,1303790.1704221603
1021,1292034.3693398742
1022,1294553.5917257846
1023,1314197.4510478666
1024,1297369.559723617
1025,1310156.405669131
1026,1294279.484934494
1027,1300858.4777349355
1028,1300306.2578548405
1029,1303697.567053266
1030,1299783.6636646609
1031,1305075.202703169
1032,1304755.8391849785
1033,1300228.0031476326
1034,1305178.6518843502
1035,1303592.13922331
1036,1302675.6960182658
1037,1306131.1881033403
1038,1309591.181476001
1039,1303565.5769271436
1040,1291093.1565720052
1041,1303923.5166042424
1042,1312730.4091701717
1043,1309950.4457182172
1044,1305044.0691892905
1045,1304347.8940003158
1046,1304026.4628867458
1047,1300859.741956382
1048,1318172.7837591174
1049,1303478.5960179504
1050,1301136.925900303
1051,1306265.6726820401
1052,1301976.9110511937
1053,1303354.9815161754
1054,1308449.153459831
1055,1306597.4763364557
1056,1304475.0848383915
1057,1299958.5914135068
1058,1306883.0522073857
1059,1307847.641075028
1060,1318401.556708232
1061,1300147.8989765733
1062,1302124.8003961178
1063,1303365.2859451845
1064,1301799.920510314
1065,1304718.5626568387
1066,1296406.025583822
1067,1306424.8138345224
1068,1305304.9290067346
1069,1300016.3445494752
1070,1306376.2952589726
1071,1300907.6033300862
1072,1306745.1890835182
1073,1305879.1039322002
1074,1301180.479668132
1075,1305728.7953761667
1076,1308169.6762493795
1077,1309017.3745378475
1078,1310729.2698158242
1079,1304123.7888651632
1080,1301094.0909651716
1081,1300697.0738284138
1082,1303327.3611203067
1083,1300286.7129629706
1084,1301522.2495703439
1085,1307185.8950095433
1086,1293646.496177185
1087,1311585.11920471
1088,1303383.7592926573
1089,1304435.518557276
1090,1296471.5428079087
1091,1308302.196672434
1092,1299819.7559935865
1093,1300818.442806963
1094,1306569.209030114
1095,1301340.9462383303
1096,1300138.0213478147
1097,1296652.565477998
1098,1304078.426376426
1099,1302204.9433051946
1100,1302428.2972278853
1101,1308397.6953709298
1102,1302212.3765158788
1103,1311377.8774871258
1104,1301050.8924516381
1105,1306349.4164266079
1106,1296468.5298275398
1107,1305593.3542272933
1108,1300934.7509404302
1109,1302040.8825642045
1110,1315878.651443705
1111,1299539.9622120978
1112,1292819.2162112931
1113,1299249.0835640377
1114,1302665.9074434075
1115,1300335.1975148052
1116,1299220.390957916
1117,1305990.042589244
1118,1297092.8250595797
1119,1305449.1836427087
1120,1297770.347323254
1121,1300118.9244189737
1122,1293084.2892139768
1123,1313797.8521815198
1124,1299769.6838089733
1125,1303150.7544958321
1126,1305777.2550126999
1127,1318729.1130265463
1128,1302817.2993447885
1129,1304686.3203192435
1130,1305525.2620191122
1131,1302309.1566224284
1132,1298581.89237623
1133,1301967.314763437
1134,1308038.3873060234
1135,1301156.6462496398
1136,1310620.047151731
1137,1304948.3467176135
1138,1306923.136606673
1139,1300978.5380779959
1140,1308918.293030684
1141,1297383.5198015647
1142,1298579.994296388
1143,1291064.7207649439
1144,1297027.7185245613
1145,1301048.994341067
1146,1302695.2303582085
1147,1310653.3636432358
1148,1302305.824124088
1149,1300971.9739157609
1150,1300361.056383724
1151,1304842.5683621007
1152,1302935.4717561477
1153,1306485.8513473712
1154,1295088.1117735237
1155,1308085.6745645572
1156,1309763.3442817465
1157,1308122.6222028
1158,1301543.553367472
1159,1301068.264174357
1160,1299722.463833014
1161,1308749.8947033114
1162,1308388.0803580575
1163,1299696.3121911883
1164,1306188.7646608413
1165,1307290.0288642459
1166,1298240.1407935873
1167,1296265.2766219534
1168,1306155.5313673145
1169,1307207.9462425963
1170,1297603.9146591956
1171,1301759.8584039663
1172,1304247.932448729
1173,1300671.8597678645
1174,1302365.0868655893
1175,1302867.5343297091
1176,1308478.162471128
1177,1303003.1468068445
1178,1300063.8701912935
1179,1307301.760913436
1180,1306475.414422673
1181,1309140.094504791
1182,1300955.3440202256
1183,1305133.5774554824
1184,1304465.2849576175
1185,1304714.0916498124
1186,1300448.2942757318
1187,1303383.4144003002
1188,1301745.4851238313
1189,1303637.3184480285
1190,1300206.1435766283
1191,1305250.4166111576
1192,1300205.0744660648
1193,1302709.9736623415
1194,1306331.7563592626
1195,1309397.4615461351
1196,1302924.3263987394
1197,1316069.3942401977
1198,1307256.613813029
1199,1304924.1327231713
1200,1298320.041685515
1201,1301468.5408002858
1202,1292522.1831269565
1203,1303330.152551919
1204,1312181.8656600055
1205,1303066.1519468513
1206,1307069.17566079
1207,1300462.5428266146
1208,1303427.247727403
1209,1308217.4049742466
1210,1297846.6881143902
1211,1307097.3554184726
1212,1304923.769891499
1213,1303306.9404253908
1214,1307428.5072283617
1215,1307750.8056414418
1216,1297819.3406152157
1217,1301802.5031887398
1218,1295752.1820354024
1219,1296783.6480663866
1220,1297657.4623945793
1221,1307223.5387913613
1222,1303066.2974944129
1223,1308452.3185431936
1224,1302732.0511972061
1225,1305949.8860412878
1226,1301504.8920155435
1227,1305931.4872202773
1228,1308911.825206222
1229,1312715.651207827
1230,1300106.6827668452
1231,1305983.4110990774
1232,1302501.2057360816
1233,1311295.757148547
1234,1308524.8421314391
1235,1304812.9175091018
1236,1302963.6067561414
1237,1305993.0630945307
1238,1301477.673826909
1239,1303750.8347885828
1240,1301717.4190929823
1241,1312052.8659402726
1242,1297037.7905214948
1243,1298022.8713919658
1244,1306584.300241617
1245,1300537.3981047862
1246,1311456.328312785
1247,1296406.4588198948
1248,1296499.8532728788
1249,1302542.035039933
1250,1297333.553853212
1251,1295607.7124050301
1252,1313032.6197361662
1253,1301782.4838201113
1254,1303877.0871615747
1255,1308423.336406468
1256,1310751.1475167219
1257,1303433.1271059928
1258,1300833.3605156192
1259,1298023.9497691647
1260,1301458.1628447506
1261,1302743.9779418462
1262,1300742.6430734885
1263,1305159.091043652
1264,1303205.7470163053
1265,1306996.4547910646
1266,1304689.3062598815
1267,1306636.2299034165
1268,1299265.6682249764
1269,1306579.9198222198
1270,1306562.4324224687
1271,1296786.4964957603
1272,1289469.162443956
1273,1297230.6522757693
1274,1316338.1483404671
1275,1308420.971713722
1276,1314445.0957647273
1277,1296051.2353293272
1278,1297604.021538336
1279,1299896.6694060965
1280,1302678.898433879
1281,1309295.5493254042
1282,1302702.927894141
1283,1309720.1726339455
1284,1301454.3448048062
1285,1307131.7892531243
1286,1312055.0929378143
1287,1295525.4784987816
1288,1304701.3806886217
1289,1308391.5326684974
1290,1300237.1559568958
1291,1312326.1248610418
1292,1301989.5666062126
1293,1305392.5664445176
1294,1308379.8604603137
1295,1295186.3006003874
1296,1301056.9014243549
1297,1300639.3613173643
1298,1299749.718702663
1299,1297982.8645085702
1300,1301673.6793941837
1301,1311202.5931039131
1302,1306411.9334547943
1303,1308789.2369217104
1304,1311714.3427396019
1305,1309344.1570190783
1306,1301094.2677222348
1307,1300679.2407234793
1308,1309866.8098143467
1309,1304704.2536861997
1310,1287146.4044857575
1311,1301895.259398217
1312,1293112.8189442228
1313,1297649.7295669226
1314,1312101.0911605717
1315,1304328.4209420376
1316,1302782.1333922471
1317,1294472.977226019
1318,1309155.3604262606
1319,1299746.3766276392
1320,1308522.0561879342
1321,1302971.6031128338
1322,1307449.5181963744
1323,1305788.2688129933
1324,1303324.9614116694
1325,1296257.3794040002
1326,1303288.063803261
1327,1306593.6257674554
1328,1291708.0461314982
1329,1299356.5401307652
1330,1306966.6807037361
1331,1296725.1450676003
1332,1298099.0743496509
1333,1300356.5532625015
1334,1304570.8475045254
1335,1310048.3444400586
1336,1309417.9155307773
1337,1300748.5031539844
1338,1301380.8181138039
1339,1298513.7252826754
1340,1305060.5906711773
1341,1303841.756929013
1342,1304761.8780418574
1343,1302798.5748065151
1344,1307391.2059086869
1345,1302688.5072638534
1346,1307229.1522932202
1347,1299534.6143269427
1348,1301387.6145480587
1349,1296278.1915877115
1350,1301638.3617176453
1351,1302996.2908983384
1352,1301594.5797981312
1353,1308097.1852432657
1354,1295374.4411858951
1355,1303182.0859681838
1356,1309801.4985325742
1357,1300330.301080517
1358,1294730.7816735955
1359,1299563.2931035047
1360,1313802.679493893
1361,1308057.4147853206
1362,1302686.6506046834
1363,1300692.4033613375
1364,1298960.0338224142
1365,1302786.55803765
1366,1300325.0804705236
1367,1306704.6093631468
1368,1303454.9502226247
1369,1302475.6728313745
1370,1306457.4218204601
1371,1304379.0422685316
1372,1310101.8103884398
1373,1302725.8960489924
1374,1304947.9941358927
1375,1302316.2547558032
1376,1308203.7706308772
1377,1313509.110960112
1378,1299691.635470267
1379,1309160.2602477004
1380,1305460.903280952
1381,1307547.9368991826
1382,1303712.9370328677
1383,1303040.2520017952
1384,1298823.4999657432
1385,1299527.289651098
1386,1296060.7927328923
1387,1309726.987388259
1388,1291055.9648766674
1389,1308875.4617637254
1390,1307558.4783786526
1391,1293246.739723178
1392,1298495.7706074598
1393,1307679.5899057023
1394,1306400.4717664174
1395,1306712.604147427
1396,1301295.5738725143
1397,1304161.3995907842
1398,1309577.431902585
1399,1305472.174681975
1400,1310675.7712265677
1401,1303425.192749332
1402,1306147.4304847056
1403,1300497.0255469168
1404,1299178.4847220813
1405,1305463.704357976
1406,1309994.0440906596
1407,1300418.6385831877
1408,1302661.8011908568
1409,1299340.6470849616
1410,1305327.2179432102
1411,1301322.0118546197
1412,1295249.5026922782
1413,1301403.1610079363
1414,1297003.2911363181
1415,1314605.1277695573
1416,1315066.3288049013
1417,1306598.9849192745
1418,1312186.6260408806
1419,1293888.5806239988
1420,1297619.3486178291
1421,1307025.3724701456
1422,1304067.317286076
1423,1302098.7624024781
1424,1305680.4003738011
1425,1305448.3839826414
1426,1298639.4955774038
1427,1302339.8445409606
1428,1296309.7035670471
1429,1305171.290495213
1430,1308688.362599391
1431,1300870.5281768292
1432,1306362.8952947762
1433,1300684.6392896567
1434,1301790.8098829002
1435,1298785.2121766103
1436,1306445.9729644277
1437,1301480.0375236843
1438,1313918.5334588923
1439,1301974.445833666
1440,1304860.2738535719
1441,1302854.4291410395
1442,1301702.2636141663
1443,1300294.5797341557
1444,1303505.4635430034
1445,1293316.457266073
1446,1297354.847102181
1447,1305883.6513886715
1448,1303263.5989940509
1449,1305870.1203329742
1450,1304984.1584718425
1451,1297892.734506409
1452,1297321.1714767036
1453,1313863.620374616
1454,1299263.1949737016
1455,1305359.4236087422
1456,1306787.1948770098
1457,1302241.3697233796
1458,1303977.1475534118
1459,1306519.2492486208
1460,1304020.1772451513
1461,1302456.144188462
1462,1310661.3306663996
1463,1304637.172707919
1464,1308575.9389969916
1465,1299563.3374057163
1466,1309590.768491984
1467,1301989.0098683306
1468,1309104.3735783515
1469,1300892.0948737636
1470,1295623.6324237566
1471,1303755.5688585916
1472,1295896.2375587316
1473,1296665.3608425055
1474,1305587.4839606017
1475,1304905.7802232264
1476,1303898.450911094
1477,1303026.8144258128
1478,1306642.4180669063
1479,1295362.988061609
1480,1308717.2800468574
1481,1306309.2646857593
1482,1302886.7914027467
1483,1293841.0244906943
1484,1300329.6592050593
1485,1309314.9286374524
1486,1297510.9624420598
1487,1305839.8887300852
1488,1299441.6506001246
1489,1304447.82465103
1490,1305674.7604517923
1491,1316491.6592786703
1492,1308471.1766326046
1493,1305197.2984581124
1494,1304338.0008058047
1495,1297876.4040828543
1496,1297070.295634863
1497,1309278.0107182614
1498,1303896.9914371145
1499,1293977.8138480715
1500,1302486.6069541662
1501,1295994.9824715885
1502,1297106.5198291957
1503,1305928.540465501
1504,1304115.4381881258
1505,1307207.9716820188
1506,1311858.2041818977
1507,1309895.8701513484
1508,1305406.8983701142
1509,1311349.4555172564
1510,1312150.7075696283
1511,1295483.8525815527
1512,1295656.2891059988
1513,1302009.973368089
1514,1305934.400813347
1515,1301499.4640122694
1516,1298235.3097929205
1517,1303787.9042364832
1518,1303091.762161114
1519,1315952.2717420924
1520,1306868.9919950075
1521,1300733.7089121535
1522,1300035.104373834
1523,1306491.3120817814
1524,1299106.3761491615
1525,1300239.6560039653
1526,1304986.4117163434
1527,1305408.0631565393
1528,1313115.8419350027
1529,1311345.0817707486
1530,1307602.0367159755
1531,1308423.4683487888
1532,1318157.6742163831
1533,1302858.0204629665
1534,1305657.887361373
1535,1295819.7425585585
1536,1305019.2318896013
1537,1312286.4091623058
1538,1301126.444861554
1539,1299401.1893753863
1540,1306827.5911264145
1541,1306553.6037460822
1542,1308749.67336839
1543,1301934.6475438324
1544,1304337.6330410952
1545,1306349.285051559
1546,1303990.7147154398
1547,1302442.1571277913
1548,1302215.8951484927
1549,1295643.748263014
1550,1305311.3545602695
1551,1305585.2021802315
1552,1302243.4037669941
1553,1313159.487663685
1554,1305930.8683232297
1555,1306453.0802894018
1556,1297524.9751156878
1557,1316177.8002912041
1558,1304833.3340414255
1559,1303763.2661955643
1560,1297711.384903606
1561,1304193.9387574692
1562,1313884.135536273
1563,1304703.7197310938
1564,1298506.1507645512
1565,1300237.062330033
1566,1304872.4054092735
1567,1313635.5743294863
1568,1313237.7841399168
1569,1299446.3983112145
1570,1310122.931686427
1571,1308987.1632698956
1572,1303740.2809618602
1573,1302738.2146487327
1574,1301951.928236909
1575,1307797.8844855537
1576,1302310.412652379
1577,1308103.4217808528
1578,1304880.7661492964
1579,1309592.3736817583
1580,1307248.9184589933
1581,1300631.6341121097
1582,1295007.0242171537
1583,1301951.3479752026
1584,1301382.048511914
1585,1302079.8723766422
1586,1300042.512304579
1587,1306510.4856324845
1588,1303557.9170666158
1589,1309197.9177043168
1590,1294821.8992174997
1591,1306071.865211601
1592,1298608.079415123
1593,1304518.82858517
1594,1314879.5443023362
1595,1308856.0217639306
1596,1305714.185410998
1597,1298948.2785911518
1598,1304128.639710209
1599,1301261.988050759
1600,1304724.7625227675
1601,1302229.649182414
1602,1313353.7189030685
1603,1299136.8267134193
1604,1312877.305746932
1605,1303450.5020257682
1606,1302883.220415119
1607,1303069.7274144792
1608,1296166.3568057774
1609,1300838.069966067
1610,1294255.0238172153
1611,1306010.3551382388
1612,1319004.4834609502
1613,1303981.3276075018
1614,1299512.9029308727
1615,1309332.4839012646
1616,1306156.0857408184
1617,1301339.2366016698
1618,1295416.0654543964
1619,1297911.2728196648
1620,1303610.9614747385
1621,1310183.93017886
1622,1303676.1857997812
1623,1303904.177005609
1624,1303298.9859822902
1625,1308709.5555464916
1626,1310538.34747962
1627,1308850.6073944503
1628,1304752.199154878
1629,1303516.302606628
1630,1305238.518588902
1631,1302569.0109380817
1632,1297953.3774949214
1633,1308461.693310021
1634,1310455.197840166
1635,1303491.8844416216
1636,1299901.2815780465
1637,1289237.0833521911
1638,1306924.9631066923
1639,1297174.0306693073
1640,1299932.2939965553
1641,1309204.2581712024
1642,1299203.9902262609
1643,1303157.302616982
1644,1302679.5185866654
1645,1304444.7771204347
1646,1305978.2457072795
1647,1304403.1518959324
1648,1306228.4539147618
1649,1311215.2501372688
1650,1294342.753723902
1651,1300290.1292803804
1652,1299893.4714639932
1653,1299729.442649465
1654,1294495.0092623958
1655,1305830.8725525162
1656,1303458.0601493
1657,1315327.1020056435
1658,1309464.5719642532
1659,1297564.4470035767
1660,1301721.7232040057
1661,1302475.994788004
1662,1310835.2094019002
1663,1301048.52464271
1664,1300114.7049367342
1665,1300023.4708477461
1666,1301478.6026860832
1667,1304909.6938393742
1668,1307531.9813896108
1669,1300648.4925836327
1670,1301983.8239812201
1671,1306927.0341260778
1672,1300346.393165758
1673,1299473.2462506732
1674,1299591.5178087167
1675,1292846.2451579403
1676,1300013.6752104054
1677,1308782.4883534415
1678,1299027.2910111193
1679,1299615.528734791
1680,1305873.579699247
1681,1310644.679671895
1682,1311802.974010048
1683,1312482.9199586273
1684,1315859.299028597
1685,1303489.5362095123
1686,1304316.5322380324
1687,1304283.1569106781
1688,1301138.6326986137
1689,1304005.216087044
1690,1302560.2311994673
1691,1303275.648145072
1692,1303808.1163050064
1693,1299501.9115865666
1694,1301571.7675798242
1695,1310036.52867192
1696,1302566.9288702647
1697,1301093.1389013387
1698,1300762.486579945
1699,1296919.554965499
1700,1299417.6727430916
1701,1307832.2857463341
1702,1304927.5550945986
1703,1296849.650196206
1704,1304951.543615232
1705,1306523.529693301
1706,1312499.3690295068
1707,1304655.5565196627
1708,1294991.609531708
1709,1298512.481527942
1710,1303038.0365870039
1711,1304615.1900213757
1712,1298222.3170009123
1713,1305110.7398430754
1714,1304938.3789437402
1715,1309297.086167033
1716,1305115.5182709123
1717,1297667.4272030117
1718,1301729.5544444826
1719,1310137.1256259691
1720,1302333.7042688043
1721,1304586.7182318238
1722,1314607.8323482608
1723,1302028.721661364
1724,1301959.2019093994
1725,1303600.5899445277
1726,1303387.3752373925
1727,1306197.9446947554
1728,1311373.4232072434
1729,1302550.5989481495
1730,1296688.1312790941
1731,1298878.7720363082
1732,1303584.276218511
1733,1298904.0410012153
1734,1310556.4241170953
1735,1304075.9890273607
1736,1312512.3770168906
1737,1306203.8634407632
1738,1296873.1728212608
1739,1298003.9924964772
1740,1298216.3096161857
1741,1298472.1550890335
1742,1308851.5043598604
1743,1307466.249596291
1744,1295222.6377516675
1745,1303221.347564449
1746,1310142.9186229422
1747,1304620.8931803473
1748,1310242.151845597
1749,1302196.8002528534
1750,1296161.0601732833
1751,1300202.4115298358
1752,1303223.0539081425
1753,1309910.5400298648
1754,1295522.7972691662
1755,1304331.8683470248
1756,1304501.794254973
1757,1298452.978912335
1758,1300201.0624186401
1759,1303386.9037879163
1760,1302681.3914090693
1761,1303761.233058616
1762,1313655.9865424288
1763,1314729.8085482935
1764,1309408.3707255176
1765,1292626.6663242928
1766,1296099.775926199
1767,1299131.457077192
1768,1301984.5779693318
1769,1298328.5784830642
1770,1305000.4991681285
1771,1297621.7504224712
1772,1312781.137564367
1773,1300438.7642094658
1774,1312033.2694702297
1775,1300753.1436746016
1776,1307909.644414642
1777,1301547.2846934076
1778,1301708.3790091039
1779,1306621.9360680208
1780,1301977.8797583678
1781,1300531.0190449392
1782,1303478.9501569017
1783,1316132.492856932
1784,1301170.6476169478
1785,1311347.2496246435
1786,1297332.637182578
1787,1294781.8630989657
1788,1310995.1970205626
1789,1301348.3692844294
1790,1313629.574554243
1791,1305504.4337717632
1792,1305132.442807365
1793,1307214.484371675
1794,1311703.1357754054
1795,1299780.9650520962
1796,1303676.239175094
1797,1304926.2078253964
1798,1304198.3026156346
1799,1305111.5002232653
1800,1302640.6557835755
1801,1297953.6514107499
1802,1293377.893731192
1803,1299695.6112058756
1804,1303532.0024340618
1805,1304750.7498168852
1806,1304114.950918023
1807,1305493.2944830484
1808,1295676.3458605527
1809,1304269.2185458113
1810,1306135.6701783754
1811,1300136.6867707733
1812,1309111.2309069713
1813,1304093.4322860527
1814,1301718.852547586
1815,1301116.7543094603
1816,1303489.8188090774
1817,1303871.1558243693
1818,1311312.5634792815
1819,1303871.0149744288
1820,1315586.58921979
1821,1299076.6735830053
1822,1304915.3239237117
1823,1310964.5871534955
1824,1306025.886443362
1825,1305640.7650442014
1826,1296318.0867367783
1827,1306836.052785878
1828,1302140.437067137
1829,1304687.302166844
1830,1307376.1641917685
1831,1299410.8265472234
1832,1303533.401968777
1833,1307470.3195198735
1834,1301223.9495768817
1835,1303147.8532604186
1836,1301909.700664504
1837,1303830.0414560863
1838,1307661.3412361236
1839,1303544.3138610292
1840,1298500.044608269
1841,1306579.9981987323
1842,1312329.9503918437
1843,1298042.0936595714
1844,1303105.0728970207
1845,1297756.2244586996
1846,1302367.9767476092
1847,1302698.37569783
1848,1300969.6841429116
1849,1320488.6187599774
1850,1313295.3920599539
1851,1314265.0776248018
1852,1292811.5837863279
1853,1302608.6415862702
1854,1311221.6721918292
1855,1307879.9721654153
1856,1307465.8410506733
1857,1306488.221024733
1858,1301633.080936037
1859,1300697.4960482686
1860,1305373.0679174247
1861,1299879.0539833356
1862,1304638.4208309457
1863,1298764.3229688634
1864,1301478.1994233502
1865,1304289.610026176
1866,1308620.5953800082
1867,1302892.4057892854
1868,1297985.6010957183
1869,1301873.7106900348
1870,1305077.5972893785
1871,1294200.0027405831
1872,1301001.3365331325
1873,1300098.6471392969
1874,1304565.8175403299
1875,1297619.102852706
1876,1299614.248473282
1877,1296157.1470447008
1878,1313507.2728634828
1879,1300634.0438647082
1880,1302308.4750838832
1881,1307293.5928849562
1882,1302311.7309882413
1883,1301733.7686626362
1884,1298364.1101952442
1885,1315544.8847513518
1886,1294880.0473982
1887,1300475.3211582035
1888,1305020.559357952
1889,1301338.9037579382
1890,1306741.1604542045
1891,1300243.450377725
1892,1309166.0495245592
1893,1305404.76899151
1894,1301730.9282971027
1895,1301788.753207813
1896,1300332.8529240529
1897,1297213.8617134488
1898,1304418.9209795194
1899,1308847.1027561098
1900,1305432.0235415518
1901,1298774.4974691158
1902,1293764.4659826786
1903,1316774.2493880931
1904,1300457.7185298952
1905,1297837.4870657322
1906,1305303.200514445
1907,1299092.8591781089
1908,1299114.3139475628
1909,1305019.6961006457
1910,1307481.5961788099
1911,1303840.3357291657
1912,1306063.8279818564
1913,1300037.417716513
1914,1299665.9182494394
1915,1295925.8254886523
1916,1299993.7195177774
1917,1295285.7463372464
1918,1306478.4135771834
1919,1313794.379259612
1920,1307670.166731725
1921,1303948.74757464
1922,1308290.741614818
1923,1308239.634317027
1924,1303219.2865770224
1925,1310946.7166917226
1926,1303552.3957413896
1927,1311367.6880246606
1928,1307920.9490237022
1929,1299788.03341885
1930,1300253.1581524494
1931,1300238.387045148
1932,1302673.274178735
1933,1298065.9953911726
1934,1304873.514262467
1935,1305063.9816913148
1936,1308504.0934118275
1937,1299232.6865423718
1938,1300277.273383625
1939,1314407.2057237981
1940,1291869.021180945
1941,1300929.7143805558
1942,1307705.2077102438
1943,1314220.8712690214
1944,1300318.013637472
1945,1307170.8075675308
1946,1301778.215025868
1947,1309181.7955728339
1948,1301413.081003124
1949,1294384.449775334
1950,1295242.9573962786
1951,1301021.5923647436
1952,1306657.0804797125
1953,1301161.181616
1954,1299971.5374506281
1955,1295018.8355538608
1956,1305850.119136122
1957,1299997.3826945457
1958,1306748.9000631745
1959,1307677.0540323714
1960,1303440.2336445118
1961,1312998.940414664
1962,1305515.5661811836
1963,1309768.3246487784
1964,1298384.3395687905
1965,1294251.5575487697
1966,1292010.8965259022
1967,1312183.5990680875
1968,1308405.4744661206
1969,1293973.4303547817
1970,1301162.7644241084
1971,1299560.1980272706
1972,1307805.988593661
1973,1299660.7961541638
1974,1302566.47502283
1975,1305161.9746487467
1976,1306439.5033485028
1977,1296947.3560963264
1978,1293334.129374327
1979,1295708.423635332
1980,1306398.907199374
1981,1302868.9327266377
1982,1304344.5764867035
1983,1300820.6656386396
1984,1294017.162678392
1985,1308099.4671641197
1986,1307774.674216493
1987,1312345.9875914513
1988,1296448.76470796
1989,1302059.3445602062
1990,1307060.5206693218
1991,1308701.4643512676
1992,1309256.8393169425
1993,1300855.8030656101
1994,1302792.7341233334
1995,1302453.3827053304
1996,1297713.3899562291
1997,1298591.2533921755
1998,1297877.5263596545
1999,1306059.999236435
2000,1297370.5928517194
2001,1301695.6366755087
2002,1306528.7836153952
2003,1306762.3444735687
2004,1310784.0837557598
2005,1312231.9911749095
2006,1302001.7578330527
2007,1305727.2828830492
2008,1294460.0771652544
2009,1302436.8352236352
2010,1306059.834069824
2011,1302649.137887974
2012,1304626.4627625465
2013,1303125.7323317288
2014,1300388.1410616818
2015,1295725.8544978604
2016,1294982.4404282062
2017,1305379.6697258763
2018,1308005.451684973
2019,1310494.2135064998
2020,1307971.8575158815
2021,1309905.1732668194
2022,1292163.7480058002
2023,1298933.356003093
2024,1303878.4118879223
2025,1312072.6538241594
2026,1303918.0607054094
2027,1298810.2608158384
2028,1310551.2853787362
2029,1300296.2439045769
2030,1302038.0062669027
2031,1307005.959264729
2032,1310519.6368143759
2033,1308656.9007222462
2034,1296231.2507630745
2035,1305531.2913712543
2036,1303912.980767098
2037,1311754.231393378
2038,1305642.7835773584
2039,1312444.702439896
2040,1313819.8243400494
2041,1303921.236428004
2042,1302074.8976321141
2043,1309835.0405297417
2044,1300763.5799113752
2045,1300830.1870676733
2046,1301085.395812421
2047,1309409.846893085
2048,1302251.5817402638
2049,1309612.142150175
2050,1305920.5633703868
2051,1314186.7177378424
2052,1299943.0591802974
2053,1307890.1948970053
2054,1308662.5775607335
2055,1311206.199825637
2056,1312494.2141386145
2057,1301658.2286959728
2058,1304686.810087781
2059,1307348.8193383426
2060,1300768.8574544461
2061,1307868.8263736549
2062,1305978.2370914032
2063,1297618.7653022045
2064,1310361.7719709298
2065,1300672.4370963317
2066,1299212.337734253
2067,1318287.5271244808
2068,1298988.9689893252
2069,1298005.2796916182
2070,1299200.042288335
2071,1301813.8949416939
2072,1316647.517027278
2073,1309348.6365543448
2074,1302879.5292431654
2075,1299893.2008598014
2076,1304699.9648991444
2077,1296557.791542772
2078,1294309.9037269542
2079,1303336.2343168678
2080,1296287.4618526008
2081,1297642.0894325862
2082,1299238.7693286217
2083,1302604.0224452487
2084,1302654.5679521335
2085,1297838.515260636
2086,1306080.5565746278
2087,1304201.5284726443
2088,1304746.3679855654
2089,1306647.553445998
2090,1302650.069773596
2091,1303320.142764473
2092,1319199.7967028962
2093,1310215.5078128807
2094,1295076.248563234
2095,1302394.744805367
2096,1312290.7008894286
2097,1304283.1878237522
2098,1298513.4876142507
2099,1309675.8960101893
2100,1301576.905531918
2101,1302313.2010307417
2102,1315412.9087156204
2103,1309232.0800674767
2104,1309696.792902519
2105,1303045.8325864826
2106,1298447.6457580607
2107,1305924.2109337104
2108,1309212.1064175083
2109,1296588.6295359442
2110,1310657.8330441096
2111,1290117.9428126172
2112,1311023.4106943612
2113,1298190.525159667
2114,1303616.8861370513
2115,1305059.2879938965
2116,1307125.783214063
2117,1302639.3534991168
2118,1302745.7430563557
2119,1309091.3110160553
2120,1306812.1252955017
2121,1295845.9249642068
2122,1311955.0316939824
2123,1315605.0144313734
2124,1304727.0724342081
2125,1314765.296686218
2126,1302833.7913788205
2127,1299032.8430183905
2128,1300764.6501371926
2129,1305385.1981272185
2130,1299389.1353547191
2131,1297135.016934623
2132,1303767.506061867
2133,1302909.8738328426
2134,1305976.6639749801
2135,1307956.9396209195
2136,1301894.5859633556
2137,1305788.8474905503
2138,1301393.2100054326
2139,1299968.08285043
2140,1310908.5704905908
2141,1296672.3109412005
2142,1302036.1575142178
2143,1307973.8972680594
2144,1295865.7504735438
2145,1304185.5323135941
2146,1302907.4834004976
2147,1305109.0926815178
2148,1308046.7414092605
2149,1298827.202017204
2150,1306086.464339909
2151,1303331.1840360528
2152,1295721.7871063761
2153,1294177.8140281085
2154,1300397.4995005778
2155,1311005.2118575259
2156,1300812.6400041617
2157,1305738.9611943031
2158,1309430.3670176899
2159,1295002.4936788508
2160,1298791.0322758034
2161,1305626.6876710504
2162,1316404.984639254
2163,1306767.3238457576
2164,1301437.5004912512
2165,1303417.6580133995
2166,1306428.5119074434
2167,1306096.4891108042
2168,1305158.3041101035
2169,1304914.5005635556
2170,1303251.403790247
2171,1306269.9635729608
2172,1296350.6978580207
2173,1310477.6345847403
2174,1300445.5041048944
2175,1297688.2123116497
2176,1299569.645126697
2177,1302454.576354157
2178,1314565.6460935727
2179,1308615.0488516828
2180,1306886.3923740592
2181,1305215.2983488778
2182,1318831.7951855105
2183,1315649.7051289915
2184,1309442.2861680728
2185,1309356.4780044267
2186,1298314.4173731706
2187,1296413.3631123777
2188,1299810.5625831075
2189,1305816.5367406032
2190,1309558.8621536668
2191,1304694.5670464605
2192,1312486.1331512777
2193,1313751.1084044678
2194,1306657.7904082052
2195,1307485.643384681
2196,1301846.9712194104
2197,1304598.833114417
2198,1301010.7612861586
2199,1298673.638057121
2200,1296356.2829469203
2201,1304359.731765081
2202,1304119.1540604453
2203,1294082.555283422
2204,1305108.6346429435
2205,1298321.4798598983
2206,1292851.0485342382
2207,1300430.414333976
2208,1301754.895860456
2209,1296401.7251687092
2210,1309883.4257576263
2211,1302127.5349593072
2212,1299311.745790141
2213,1299357.4109621765
2214,1307223.8889251128
2215,1309877.7895826495
2216,1299183.8561655146
2217,1300871.335692429
2218,1304932.9917881223
2219,1307785.4008217473
2220,1299290.3629588438
2221,1306966.274176066
2222,1303242.3514009411
2223,1302619.1826473435
2224,1307354.932724571
2225,1296274.4774193163
2226,1314448.7684172299
2227,1306907.1843957298
2228,1300747.7118205372
2229,1309951.8226138093
2230,1297852.6615390664
2231,1310123.3360358432
2232,1304581.2366693688
2233,1307590.6015068803
2234,1302225.4297812453
2235,1303527.4356120236
2236,1298219.8678910688
2237,1307836.8711718856
2238,1303034.2247996458
2239,1296613.8683780986
2240,1297285.0577814127
2241,1304047.5037016927
2242,1305518.262027381
2243,1305775.9655958351
2244,1306591.0515502389
2245,1301042.8848416493
2246,1304980.1441063066
2247,1296612.6118265523
2248,1298884.3663667538
2249,1307387.2657405452
2250,1303873.6451445639
2251,1309387.1469220927
2252,1295951.1159441087
2253,1313240.079720523
2254,1301809.3613097703
2255,1302566.3434713415
2256,1306972.346263791
2257,1304461.3696448263
2258,1303148.4356526155
2259,1307450.1790132057
2260,1302295.2730360785
2261,1312028.4100125073
2262,1293922.559503889
2263,1302980.1245467302
2264,1305502.2259237834
2265,1309732.8748006092
2266,1295457.146399907
2267,1317874.4684582609
2268,1306879.5334974565
2269,1301172.1929100424
2270,1302964.9046072024
2271,1302796.3396006909
2272,1298570.4551738666
2273,1315096.9725474056
2274,1303181.972907373
2275,1308649.682811472
2276,1295268.1125336792
2277,1309514.366906537
2278,1297224.3368148254
2279,1310656.1433785148
2280,1306312.1209314663
2281,1297566.1197304223
2282,1304739.9750278003
2283,1314176.6186923003
2284,1307272.6356731057
2285,1304690.1704117917
2286,1302560.83325056
2287,1300676.0485271001
2288,1298128.1408309988
2289,1305254.541586888
2290,1306477.478122071
2291,1295373.2935296793
2292,1301664.048710787
2293,1298962.5974066362
2294,1295574.6842440371
2295,1302859.1437680216
2296,1299438.5463429242
2297,1310977.871206702
2298,1306390.2643370393
2299,1309254.045524824
2300,1295826.3680596026
2301,1303314.0222973153
2302,1310841.431718303
2303,1300627.5066003234
2304,1298841.1902365535
2305,1301110.4933877545
2306,1298414.9778489664
2307,1307602.6749641676
2308,1308430.4253845266
2309,1302544.8020482527
2310,1308460.758470366
2311,1306609.1948144927
2312,1296259.8309533393
2313,1300892.5044664075
2314,1298452.1948801358
2315,1304608.0749173535
2316,1310196.0175587963
2317,1295867.2621080293
2318,1301163.4438341353
2319,1298625.4654200093
2320,1307512.8111822258
2321,1310601.5206067578
2322,1295026.9529883685
2323,1302764.4265089182
2324,1300128.3233069626
2325,1305136.819992987
2326,1306670.1883138916
2327,1308446.0751722215
2328,1311427.376720747
2329,1306973.1141314558
2330,1303127.3394619827
2331,1309800.1812155168
2332,1293130.478935363
2333,1296951.8699085996
2334,1309276.3404787686
2335,1301824.9862261328
2336,1310656.8996786927
2337,1304087.7592196132
2338,1305977.806070391
2339,1309691.8090957166
2340,1307738.4273678418
2341,1293978.346285433
2342,1300485.2202219295
2343,1301193.148358075
2344,1304925.3622348455
2345,1307503.1045982318
2346,1307532.6312307771
2347,1302714.879252702
2348,1301106.2244863024
2349,1304530.3313772546
2350,1301705.9372993093
2351,1306926.3246279547
2352,1304008.728824872
2353,1291524.6060802822
2354,1302181.3443943297
2355,1306403.2938007687
2356,1309780.592259448
2357,1303222.8320930488
2358,1304446.5940304538
2359,1302833.6043605763
2360,1296994.0794928418
2361,1307448.7316568478
2362,1305131.4949849609
2363,1304191.8614582634
2364,1303370.2940648426
2365,1310604.0896933945
2366,1309203.1516717358
2367,1304463.3760526362
2368,1305678.0775563316
2369,1306003.5778180605
2370,1310745.9436583198
2371,1297806.8332127095
2372,1304077.2754222408
2373,1307631.0368652565
2374,1313003.829562191
2375,1304055.2055692598
2376,1311054.4752086403
2377,1295450.8688877444
2378,1301230.6255965235
2379,1298312.5310135162
2380,1309479.4473570923
2381,1310086.4883222047
2382,1303335.9814054002
2383,1301442.469531366
2384,1304640.5999088092
2385,1318964.2680466317
2386,1299768.814695394
2387,1301087.8011881341
2388,1301855.4994531022
2389,1296650.2871033552
2390,1309326.2330127547
2391,1300624.2494817057
2392,1303195.644623168
2393,1309562.624211711
2394,1291451.7056930414
2395,1300378.657069463
2396,1306321.0023389263
2397,1303932.8690150203
2398,1302077.8332878563
2399,1304452.89247007
2400,1299761.8085200728
2401,1298257.2321806042
2402,1296071.3282851991
2403,1296356.928869834
2404,1294206.4951637832
2405,1300788.8079638288
2406,1294025.4654211479
2407,1301020.8460004847
2408,1299463.4822956051
2409,1309274.177720988
2410,1302617.636244188
2411,1312152.5051441044
2412,1303758.1469453126
2413,1303387.6501834868
2414,1303600.4618144126
2415,1293641.8339680075
2416,1310075.3361779389
2417,1299686.8062508188
2418,1294878.9554766973
2419,1305416.2793912592
2420,1308947.258950943
2421,1303205.6957408853
2422,1306662.0088221065
2423,1306329.385095668
2424,1292809.205385187
2425,1297128.0663592573
2426,1298783.141302766
2427,1296586.277418291
2428,1302138.1340075668
2429,1301727.9549193091
2430,1301908.6223553256
2431,1306383.8506278913
2432,1294717.8219996733
2433,1301213.3894478404
2434,1309458.7777006037
2435,1305946.9355930504
2436,1309822.7510390873
2437,1303558.1043409847
2438,1304166.0405945636
2439,1296664.6417000834
2440,1299273.896355372
2441,1312081.8283132561
2442,1298450.4282957928
2443,1303786.434585482
2444,1299916.8790546018
2445,1305236.7094435312
2446,1296796.4690864496
2447,1303219.2824387364
2448,1297128.3718807322
2449,1310739.1738579082
2450,1308107.1980183662
2451,1300171.7388791747
2452,1297407.720007233
2453,1304391.5319142798
2454,1304524.5585484083
2455,1305819.503229
2456,1309900.962031223
2457,1310413.246731443
2458,1309177.182092803
2459,1300952.5493431275
2460,1307671.6290463407
2461,1305299.1136122886
2462,1303372.6342929415
2463,1310106.6457347188
2464,1302024.667360869
2465,1299036.844957832
2466,1312343.848737165
2467,1306382.7236102181
2468,1315789.6730422007
2469,1306662.3860218693
2470,1299091.0166047167
2471,1304606.5161572716
2472,1300613.3758777818
2473,1306372.4960919248
2474,1303369.1002502327
2475,1298271.122250773
2476,1299338.2931663224
2477,1304988.7464654255
2478,1314927.2147147327
2479,1312967.2795174795
2480,1298207.8888023158
2481,1304568.6525579726
2482,1301629.7366311576
2483,1308255.2832860453
2484,1298802.1870193155
2485,1301437.5675193185
2486,1308976.038902728
2487,1292421.7088019422
2488,1301197.3970286823
2489,1307906.967642851
2490,1295442.204587326
2491,1295329.0347394485
2492,1299162.16629745
2493,1301732.6057965565
2494,1299448.1506617188
2495,1303989.0886086854
2496,1304951.367794978
2497,1314272.5778612432
2498,1301989.312523671
2499,1300343.9276588676
2500,1310158.8065208693
2501,1299190.5537877905
2502,1300299.4539889935
2503,1297362.859872432
2504,1298036.5449688723
2505,1303421.3698007197
2506,1299834.790287227
2507,1301887.6757246463
2508,1299352.2072832338
2509,1309137.035979258
2510,1311788.8565104895
2511,1305984.570196466
2512,1307340.9000449108
2513,1294632.6098733826
2514,1310485.5706279252
2515,1306780.856964652
2516,1298685.1924537343
2517,1299053.8710778055
2518,1313327.2544170078
2519,1291785.9563736464
2520,1297924.2027604277
2521,1305269.3004840305
2522,1308193.847656385
2523,1302602.8805850875
2524,1296410.997596945
2525,1304520.0866242032
2526,1303971.6621268303
2527,1298959.260867354
2528,1310500.3159512104
2529,1311647.4615425805
2530,1308235.3123108773
2531,1297335.7262618677
2532,1298144.6127814036
2533,1296863.2289270896
2534,1301452.112936948
2535,1299824.5145255344
2536,1302563.411318576
2537,1306423.52165333
2538,1312960.223573283
2539,1303666.2529938312
2540,1303442.496579063
2541,1307847.5294696332
2542,1297709.0533890715
2543,1310175.9025802296
2544,1297684.0035636132
2545,1309390.2922591236
2546,1293488.7123157994
2547,1296187.305670246
2548,1299788.452284655
2549,1300490.1394803757
2550,1303946.4703027876
2551,1308005.928465795
2552,1301066.0554113458
2553,1310360.081482023
2554,1304974.7430824256
2555,1298704.1331894395
2556,1314951.8650014163
2557,1305705.9936402612
2558,1308886.3298724697
2559,1304017.925985925
2560,1302406.5445086313
2561,1299672.6456889817
2562,1309695.112024839
2563,1305708.1813583444
2564,1298142.2475583935
2565,1302688.8045484025
2566,1309003.2834521336
2567,1304504.6295459429
2568,1302036.526385289
2569,1297053.4125726393
2570,1309404.7173508666
2571,1304443.0950623546
2572,1296076.3836374346
2573,1310615.1028909506
2574,1292278.4072442194
2575,1307716.6646995067
2576,1302763.8295729894
2577,1312354.6413604978
2578,1309779.293207334
2579,1302522.5720475866
2580,1309554.3099497654
2581,1301131.6346026217
2582,1301610.0869162225
2583,1294402.590578089
2584,1302245.8817456376
2585,1309137.446093607
2586,1301730.14287022
2587,1308978.560408515
2588,1291718.216429911
2589,1302719.6878827654
2590,1300677.2330951768
2591,1298893.8305047266
2592,1306545.0685271397
2593,1313325.673810205
2594,1315656.927167362
2595,1301078.9588488715
2596,1302057.314177388
2597,1305748.0553360074
2598,1301176.421876709
2599,1301582.3127993725
2600,1312578.2664543232
2601,1297083.2166119723
2602,1299475.407468962
2603,1303352.3845790997
2604,1291904.1214390334
2605,1302015.2273093655
2606,1298758.4137639205
2607,1302991.2979748198
2608,1302264.0500679435
2609,1298705.8829651189
2610,1304085.4579707219
2611,1305891.6440489367
2612,1303222.5309390824
2613,1302071.7584936037
2614,1303032.020570259
2615,1303982.0726825844
2616,1298464.0022063474
2617,1310714.2120633945
2618,1294782.2407235105
2619,1297621.22655008
2620,1310376.4541235622
2621,1311268.5566494286
2622,1303888.0354155062
2623,1295121.1793557403
2624,1307673.9534112234
2625,1311778.3508349396
2626,1304439.9165320862
2627,1302755.9686152893
2628,1304036.1941719155
2629,1294979.828117938
2630,1293869.2728400014
2631,1306813.3787792446
2632,1308175.1295121198
2633,1311089.6820794719
2634,1299571.5175764197
2635,1302336.149363278
2636,1315446.8674789018
2637,1311290.0093672415
2638,1301387.2775932457
2639,1303732.64377405
2640,1308778.478652765
2641,1299431.4484923412
2642,1301561.4988354358
2643,1307838.0714354888
2644,1299129.5547314289
2645,1303246.8019226328
2646,1308818.5679873591
2647,1301563.469918119
2648,1314467.617382518
2649,1306949.2471006915
2650,1302242.148551631
2651,1300931.5403587646
2652,1304797.3098033387
2653,1299821.702502912
2654,1305838.6180872468
2655,1305953.112221605
2656,1304792.628548314
2657,1307765.3624238628
2658,1294833.20241637
2659,1308908.9287963526
2660,1305916.495970444
2661,1296772.7040997024
2662,1297308.7445136677
2663,1296641.573498124
2664,1313985.9393498087
2665,1307469.109399992
2666,1311683.3416756094
2667,1298890.769924103
2668,1300523.2805625093
2669,1303488.807303598
2670,1297610.9281402377
2671,1297584.398668429
2672,1303178.32323491
2673,1303532.2966494663
2674,1295777.1248065077
2675,1311455.0981564028
2676,1303768.6558348923
2677,1304407.0799641518
2678,1294347.217194114
2679,1298740.22799902
2680,1299941.9197746762
2681,1317064.4482588964
2682,1299730.4073297463
2683,1300558.1973307938
2684,1304576.2613717346
2685,1300047.7725830355
2686,1303350.6776615256
2687,1299195.7360867243
2688,1301205.1303976958
2689,1299512.1640998195
2690,1295713.6788792796
2691,1306369.2633146911
2692,1305092.6277669508
2693,1299090.436768468
2694,1300577.5582348024
2695,1307720.9846361366
2696,1293496.3683456755
2697,1312833.9160436338
2698,1301156.8130772
2699,1298232.9139235169
2700,1302177.9390400723
2701,1297783.3129093696
2702,1298662.727771892
2703,1301575.7642583416
2704,1296073.632050434
2705,1304341.5679494068
2706,1298329.116936093
2707,1304551.9466413893
2708,1301033.4610597717
2709,1310604.27185265
2710,1297574.928985456
2711,1305633.8284383123
2712,1311150.5061576231
2713,1317818.6186611224
2714,1303953.6138219144
2715,1298815.9048956938
2716,1303999.9110961228
2717,1304682.453311002
2718,1303075.5843500777
2719,1299078.1243681966
2720,1302477.9205169305
2721,1297531.9857391827
2722,1308096.8284972403
2723,1302987.1911484539
2724,1300397.9553145
2725,1304894.9651168857
2726,1299742.9227929006
2727,1309276.309764365
2728,1297964.7624148559
2729,1298087.1952678727
2730,1303121.6178532355
2731,1302363.8088249166
2732,1287516.2290202412
2733,1296511.8258354466
2734,1296869.284492954
2735,1306453.6086525356
2736,1303025.6332090553
2737,1302013.937333985
2738,1300374.18490998
2739,1305301.0175687748
2740,1303640.9097090773
2741,1306844.0119308552
2742,1304106.7087529153
2743,1304875.1518976216
2744,1294188.8640509788
2745,1299389.198341407
2746,1300525.0105292774
2747,1303914.0416481334
2748,1301017.4084180798
2749,1293187.9502934269
2750,1307689.4727439613
2751,1299034.7479462163
2752,1312099.0791335087
2753,1301670.5913123938
2754,1313307.6594574857
2755,1307094.3537527025
2756,1309249.0534101722
2757,1302066.6273619889
2758,1298180.0380561478
2759,1293723.9860461692
2760,1293761.2616730267
2761,1306418.8317050005
2762,1302742.3970554941
2763,1300969.116601519
2764,1313063.4630643483
2765,1306913.8849838008
2766,1299528.3520665988
2767,1300411.1041920749
2768,1301762.2805588637
2769,1302201.480181234
2770,1297307.0406832749
2771,1306066.5500516603
2772,1310499.429260766
2773,1304491.3962244298
2774,1311367.6339425026
2775,1298463.320881732
2776,1298470.3978874867
2777,1300148.4971131627
2778,1302292.67361892
2779,1300686.6250234519
2780,1301078.0171942702
2781,1314686.9661121173
2782,1313488.5693539844
2783,1301817.6761420837
2784,1306779.8186067573
2785,1294342.1102551408
2786,1302845.6258680476
2787,1306825.2767201785
2788,1296145.1343964373
2789,1299811.7498177916
2790,1301414.3834836064
2791,1292999.3847688243
2792,1310468.774154646
2793,1298412.382073104
2794,1314452.354689261
2795,1307456.3411260091
2796,1305166.9282831491
2797,1310197.686801864
2798,1301368.516104999
2799,1303748.0656792147
2800,1307733.5368415078
2801,1312461.5815112796
2802,1294340.008934331
2803,1304457.9009611716
2804,1299908.4618757043
2805,1304600.374106772
2806,1301359.0567146533
2807,1291617.710616977
2808,1300793.5313948966
2809,1300032.4616602142
2810,1302144.9701120297
2811,1299810.319112159
2812,1303579.3060519474
2813,1300268.4641391272
2814,1300663.6963115432
2815,1309862.5752830964
2816,1294446.2635524666
2817,1292784.8115870967
2818,1303222.1424011006
2819,1302404.1854275411
2820,1307930.9866988794
2821,1304925.7868000586
2822,1296424.1053980754
2823,1294825.0160733988
2824,1309712.455740458
2825,1308748.5798256388
2826,1299052.1323803344
2827,1298752.2433633104
2828,1304091.0028500156
2829,1303016.2394778088
2830,1295390.679526611
2831,1296169.1427361593
2832,1303346.513236088
2833,1306201.2693130607
2834,1297615.4663687604
2835,1300619.7421408664
2836,1304667.5667039268
2837,1295007.6454025286
2838,1301637.595101495
2839,1301160.115390339
2840,1296079.919981295
2841,1297141.8777278014
2842,1301430.5144178064
2843,1299534.609933948
2844,1307239.2208803038
2845,1302495.8997445118
2846,1299544.0128249463
2847,1306078.8695388043
2848,1306230.1060412913
2849,1305392.651502942
2850,1297412.1292523362
2851,1294807.9711081062
2852,1295550.9426476592
2853,1299539.379354737
2854,1298809.2372004236
2855,1302291.5623832962
2856,1296444.646719369
2857,1304616.5103504278
2858,1303392.6913228
2859,1305671.8110323604
2860,1301444.4770461963
2861,1311155.1866011415
2862,1297449.1459917412
2863,1301409.5683818606
2864,1299363.489681198
2865,1304259.3318454488
2866,1299836.757269734
2867,1308276.0697760056
2868,1296291.1706611589
2869,1297759.270279972
2870,1302367.4517332574
2871,1299124.2803417658
2872,1308833.5260953119
2873,1303654.250940341
2874,1297574.0832197696
2875,1295959.860229639
2876,1300589.176653283
2877,1313910.7287390542
2878,1303016.7620933375
2879,1304222.3160949098
2880,1302999.8263554603
2881,1303766.2484665152
2882,1296321.583100969
2883,1315047.020792981
2884,1297143.7249463825
2885,1307275.1041064956
2886,1307378.2079835355
2887,1304866.2416755497
2888,1295571.045864249
2889,1309783.9668709505
2890,1305814.7610036326
2891,1299114.5337096646
2892,1304697.5201996043
2893,1304734.180956427
2894,1301373.3365468094
2895,1300490.047767694
2896,1311975.8943994949
2897,1300504.009117866
2898,1309948.7243263223
2899,1304054.9399155353
2900,1313068.2241285825
2901,1307307.3129300526
2902,1305092.5465788022
2903,1300561.0749878427
2904,1295438.4171452683
2905,1301394.6438568186
2906,1314308.892492191
2907,1306372.5448475573
2908,1305076.392249694
2909,1308650.0895724236
2910,1295113.638320903
2911,1297275.3597817838
2912,1295833.8987467424
2913,1306774.3868051711
2914,1307562.7107496255
2915,1319798.1113528437
2916,1305326.4200313697
2917,1299460.0919874439
2918,1297190.7802872192
2919,1303503.4029367426
2920,1294667.9194000699
2921,1307479.161895189
2922,1298781.849424515
2923,1311726.010485972
2924,1308224.0748125708
2925,1311756.775519269
2926,1296160.7605883658
2927,1294064.1373787397
2928,1308549.0461648055
2929,1299249.663803456
2930,1302248.9569985047
2931,1296820.6671840916
2932,1299133.8698472208
2933,1301438.2059085155
2934,1308648.9857292357
2935,1304048.8906683016
2936,1311496.5860117374
2937,1299683.1927738613
2938,1298524.8017541708
2939,1306381.3400361438
2940,1313521.113476021
2941,1312317.951708719
2942,1317508.5602647653
2943,1300553.3848537991
2944,1306424.3282025359
2945,1297614.8010445447
2946,1302437.7821688997
2947,1306861.408751494
2948,1304292.0131919868
2949,1301346.2760723121
2950,1293431.992739337
2951,1306268.4021171797
2952,1314637.7453867064
2953,1300978.273216207
2954,1304272.8360963054
2955,1305195.460565241
2956,1303861.0426922773
2957,1309888.8812340486
2958,1300810.1344368777
2959,1301395.2243575947
2960,1306230.2053373314
2961,1302395.7422096676
2962,1302261.0791647944
2963,1307487.8853732587
2964,1304177.3314364448
2965,1297107.3440989999
2966,1305172.7462939003
2967,1296205.7037712997
2968,1309279.4454272904
2969,1305630.7208246128
2970,1299281.8122993005
2971,1307598.1969918201
2972,1303852.6612919725
2973,1307396.2509169958
2974,1300755.6826472043
2975,1311463.5652203932
2976,1315988.2515090911
2977,1308972.05358765
2978,1297212.3565551874
2979,1295723.4869888374
2980,1312106.373902681
2981,1298624.3018708655
2982,1306331.7074685611
2983,1306793.5805400922
2984,1297865.8265260125
2985,1304307.9779442588
2986,1296072.2202639114
2987,1293272.1852298938
2988,1302755.3999830775
2989,1301409.8426834783
2990,1303545.5329421773
2991,1300167.4273888587
2992,1295015.2775562014
2993,1304163.325539045
2994,1307735.194338136
2995,1304483.2942649433
2996,1305450.399451071
2997,1300038.8844810552
2998,1301455.8443556104
2999,1310396.5326873858
3000,1301997.438162511
3001,1298131.6438279718
3002,1312180.3330028644
3003,1300610.2331843812
3004,1303897.6718403352
3005,1295632.7193327667
3006,1305817.8755886708
3007,1297715.5083015023
3008,1318428.3159423654
3009,1296919.883392265
3010,1300393.6135485503
3011,1296876.9383368876
3012,1304828.6870459567
3013,1307080.0687653397
3014,1300988.9798234596
3015,1304420.2155190753
3016,1297078.1574397297
3017,1298932.5338311275
3018,1301250.311155067
3019,1306722.10540343
3020,1299706.6183106774
3021,1307353.5440367465
3022,1305110.4686979486
3023,1308378.408083302
3024,1313765.5499810157
3025,1315015.7556351053
3026,1301564.8694342133
3027,1295636.4292615727
3028,1303942.622130983
3029,1301935.432442763
3030,1300916.8519806878
3031,1299215.617729962
3032,1307988.3473126933
3033,1315917.8918380216
3034,1309766.286242864
3035,1308017.8066324957
3036,1304553.7462340596
3037,1299935.027321556
3038,1301708.9102886312
3039,1298449.3325541816
3040,1307974.440436111
3041,1300864.9629385674
3042,1300245.890266791
3043,1305558.9267446254
3044,1303290.7039593104
3045,1301893.451455308
3046,1304822.673652643
3047,1301184.8357683723
3048,1299729.7332875251
3049,1298010.4628331414
3050,1297296.833963411
3051,1303285.5773298303
3052,1302666.6187867338
3053,1305330.5358602765
3054,1295384.0575670358
3055,1294398.231847812
3056,1297135.8213825005
3057,1304188.3040647393
3058,1307189.400946226
3059,1303488.5214288482
3060,1306653.341906282
3061,1303467.6234069867
3062,1298445.526182774
3063,1294763.6249646395
3064,1305800.9505712513
3065,1299599.6683439235
3066,1298111.0810936787
3067,1290339.2352133838
3068,1295645.3426390984
3069,1300562.9924340874
3070,1304217.4045807677
3071,1296128.2572399694
3072,1309034.1763601585
3073,1292060.7906968195
3074,1304997.7237314966
3075,1301705.7143601328
3076,1299620.3288519627
3077,1311314.1111319612
3078,1289126.6480742658
3079,1306776.156545112
3080,1308798.2229547666
3081,1302577.240346378
3082,1308978.8580939586
3083,1295857.701386323
3084,1308645.2656323495
3085,1305691.3735210965
3086,1309020.6020815787
3087,1308668.0438204408
3088,1308515.9913938718
3089,1301165.333529184
3090,1306242.2898871645
3091,1306222.9995566257
3092,1302154.8640831518
3093,1302525.6684716055
3094,1297072.4091067614
3095,1304016.0448493573
3096,1300724.0395977455
3097,1305819.1278945087
3098,1302594.4003529234
3099,1299607.7020926126
3100,1304393.6845351786
3101,1294284.5615167539
3102,1298556.1682658617
3103,1297424.080810953
3104,1305962.0394004306
3105,1302507.265071788
3106,1296228.9226002921
3107,1298505.4853766176
3108,1304886.7717909743
3109,1301040.3832981386
3110,1294535.124536298
3111,1303151.1960602074
3112,1300387.8945067073
3113,1309493.475054212
3114,1303726.3156544727
3115,1300364.5763989647
3116,1301605.1775467575
3117,1304888.7895105425
3118,1304453.1239384161
3119,1307401.9742500533
3120,1296654.2083725522
3121,1309921.912877032
3122,1300706.966021497
3123,1307326.3373339488
3124,1309011.9324627041
3125,1302700.4340145874
3126,1306946.7285524511
3127,1303946.142114654
3128,1312080.0530010466
3129,1300207.5696104667
3130,1298132.2718572903
3131,1314844.074410456
3132,1302196.5596841746
3133,1302048.49834404
3134,1293931.8500318148
3135,1311451.5601331096
3136,1300144.0746249172
3137,1304777.7763909784
3138,1304606.1888049152
3139,1316276.280671228
3140,1310855.8888592212
3141,1302232.6860154925
3142,1309497.6356715586
3143,1305718.9978728476
3144,1293796.1462597786
3145,1304610.5307957986
3146,1305944.8555104637
3147,1300480.099329149
3148,1299747.6876673412
3149,1302742.2169236157
3150,1307100.8506217783
3151,1300402.0785138758
3152,1306513.6560362466
3153,1300430.6076088352
3154,1303904.0421088873
3155,1307827.366328214
3156,1310867.7218559487
3157,1303100.7718352992
3158,1294176.9629791207
3159,1299702.8488822747
3160,1296015.2449575502
3161,1299044.9559085167
3162,1303061.911530289
3163,1296708.1944368738
3164,1308190.7194298138
3165,1303887.3020952537
3166,1301909.0759149734
3167,1308047.79156862
3168,1297639.17458617
3169,1305938.1984988954
3170,1316969.8266292077
3171,1309568.5285847073
3172,1307805.0768550846
3173,1301128.2268918806
3174,1305934.5820777984
3175,1302432.7702686908
3176,1304496.1470995583
3177,1301939.1660814667
3178,1305785.4560894005
3179,1305616.054706982
3180,1312376.730990653
3181,1306192.564814432
3182,1302432.733931507
3183,1297065.4287838296
3184,1299488.877995877
3185,1294491.2884439349
3186,1289482.2630178526
3187,1300385.9859348221
3188,1300133.4302887823
3189,1305415.6688202021
3190,1306734.5143167952
3191,1295415.158713878
3192,1295031.8999884713
3193,1299167.597950848
3194,1311695.102002326
3195,1306217.6631090005
3196,1300530.977433106
3197,1302675.6610224093
3198,1301193.0121996438
3199,1308985.0012829546
3200,1298570.8555784286
3201,1298187.8534091725
3202,1301229.3907043193
3203,1304691.074931038
3204,1305460.3363117587
3205,1310368.2444568938
3206,1297620.1710888958
3207,1311197.9553902447
3208,1304740.3680034864
3209,1304100.1632610129
3210,1301181.9903119674
3211,1295230.8098380375
3212,1303057.973266361
3213,1300618.1988048481
3214,1305964.8465018012
3215,1291988.9617344318
3216,1294245.4196960807
3217,1313375.0947861439
3218,1297529.8656386042
3219,1310284.5059600426
3220,1302076.5539359527
3221,1296314.681369462
3222,1301138.245664862
3223,1300056.1054706273
3224,1303570.261912379
3225,1301820.7872472522
3226,1299044.4976904776
3227,1298751.8958164684
3228,1299106.9586842118
3229,1295811.3927149803
3230,1310200.3750030305
3231,1303766.9015697818
3232,1312345.0364356162
3233,1301663.9677448801
3234,1292359.5606191335
3235,1291462.6193407674
3236,1303488.6478835037
3237,1304138.952820439
3238,1293105.9576126137
3239,1307135.5259730974
3240,1309773.8996683965
3241,1303927.192980507
3242,1297158.479753839
3243,1307337.7918405354
3244,1312355.289024162
3245,1298816.7127549916
3246,1303884.5093138325
3247,1299556.9296889142
3248,1301042.066073938
3249,1290926.5076531267
3250,1295667.3425294121
3251,1304427.2265325082
3252,1305501.2930586115
3253,1305122.106287099
3254,1312943.9671506572
3255,1310382.3320338316
3256,1311609.3052063456
3257,1303590.8785291838
3258,1303083.204443004
3259,1305123.5490012956
3260,1305910.7797944308
3261,1307829.393510627
3262,1307130.3730224224
3263,1296521.525595682
3264,1306242.9990960122
3265,1305781.4420870068
3266,1307113.9838658683
3267,1301808.4383023588
3268,1313006.589514692
3269,1310756.3356392419
3270,1304867.1768718672
3271,1309830.4446983922
3272,1306953.144881511
3273,1310822.275797148
3274,1303224.9756194223
3275,1307024.6777412898
3276,1299498.8359175792
3277,1301291.7710356666
3278,1300005.4810884937
3279,1298549.8687920433
3280,1299551.8640839616
3281,1306945.0389669484
3282,1297525.432468502
3283,1302109.6160642323
3284,1308113.1260924381
3285,1305178.8082964818
3286,1304297.9433700128
3287,1300572.5228311985
3288,1300479.5926049082
3289,1309620.9565796012
3290,1303749.9960460926
3291,1297004.1602345565
3292,1305780.0411893365
3293,1312403.881148403
3294,1298502.684625596
3295,1299242.1482173502
3296,1303665.5949101893
3297,1302887.1761535236
3298,1306426.8461213375
3299,1300546.9416830738
3300,1304948.5054738685
3301,1300648.0083372602
3302,1300435.6274466019
3303,1301155.8364585836
3304,1307232.1530938952
3305,1308686.3942380438
3306,1302054.0376405057
3307,1303514.7678137447
3308,1296766.291646003
3309,1312148.389087271
3310,1313914.6643510484
3311,1289657.5196002438
3312,1308210.626093505
3313,1313132.7921159086
3314,1298305.1304812569
3315,1298047.1401732813
3316,1312648.926382761
3317,1305136.084046873
3318,1300890.4120566163
3319,1305218.2303027925
3320,1300158.9228503203
3321,1295813.5020451997
3322,1306366.5722717205
3323,1304997.3433351424
3324,1298334.4755628682
3325,1300796.3735484097
3326,1306369.1502747852
3327,1296169.3538580034
3328,1304647.6726814872
3329,1313137.8521557534
3330,1299565.3900201384
3331,1305110.7066716482
3332,1305694.0658817042
3333,1295729.385263463
3334,1301668.359050719
3335,1297498.30466734
3336,1305219.4819932522
3337,1305655.615322324
3338,1300136.8393504662
3339,1300732.946246356
3340,1312512.6008445828
3341,1293185.9069696688
3342,1300169.352458742
3343,1302079.1561209974
3344,1307099.3619830897
3345,1311763.7601774237
3346,1293537.2941660024
3347,1297902.380209676
3348,1296353.0407884724
3349,1298236.2724374633
3350,1308631.5860923587
3351,1306984.4160559739
3352,1307881.867965853
3353,1301897.3004899956
3354,1296631.9833901632
3355,1309903.1298596235
3356,1299982.286018059
3357,1312684.6446356934
3358,1297003.5688242484
3359,1302959.786795832
3360,1301868.764860605
3361,1300311.8092034357
3362,1298499.8214862286
3363,1296057.3784795937
3364,1306425.649677743
3365,1297038.3396903186
3366,1305899.9182361616
3367,1297844.3349584274
3368,1312126.2884175468
3369,1309603.3328296533
3370,1304903.7569194124
3371,1304099.82160752
3372,1304948.2547495211
3373,1300030.4085479279
3374,1305903.1301932696
3375,1306934.947840617
3376,1305430.3347326806
3377,1303854.4690311574
3378,1307131.745910314
3379,1310022.4047186577
3380,1312096.7246252564
3381,1306132.7533361488
3382,1305966.238539749
3383,1318411.1135136012
3384,1293347.155437934
3385,1305070.8296748868
3386,1314186.4739212506
3387,1311456.836407072
3388,1299796.7936206455
3389,1306174.908626083
3390,1299484.9956236752
3391,1304273.8613108047
3392,1309225.064562428
3393,1297577.3947091151
3394,1302967.3060997713
3395,1296754.9303401844
3396,1300496.8801650957
3397,1299729.443913266
3398,1308944.544805781
3399,1300356.809619166
3400,1315716.7198164966
3401,1299258.6058787927
3402,1296045.4248350454
3403,1297069.610596902
3404,1306029.8388671412
3405,1300577.1273609132
3406,1301277.5607371016
3407,1306088.590991847
3408,1308642.8949909885
3409,1304891.4015801686
3410,1305282.5074355183
3411,1299083.363826837
3412,1302854.5358165696
3413,1305057.7957376915
3414,1296061.6592236508
3415,1301060.7752989759
3416,1300426.7725863059
3417,1301187.151942502
3418,1293421.2306190575
3419,1293360.6065332023
3420,1298451.336890472
3421,1301777.4793834859
3422,1300545.0232790653
3423,1299457.0015392664
3424,1298338.799277845
3425,1306914.2760476917
3426,1307436.2748734176
3427,1298553.3785188363
3428,1306175.9196127981
3429,1297026.585552417
3430,1305110.7189448639
3431,1310634.626112147
3432,1301279.3319931321
3433,1295614.703839911
3434,1304235.1688716488
3435,1301984.9336935491
3436,1312358.5269395362
3437,1298083.417789584
3438,1301972.4669669864
3439,1314708.2921600617
3440,1304018.4138568738
3441,1305575.809907483
3442,1304306.5851846577
3443,1300112.0712966293
3444,1319121.094255616
3445,1305408.4210356488
3446,1302710.7462091579
3447,1302857.6075907082
3448,1313258.5243606295
3449,1308916.8236723742
3450,1301810.8194750394
3451,1301811.2368414255
3452,1297419.1777719506
3453,1303414.0631516806
3454,1306426.8765115046
3455,1306842.5967985538
3456,1304287.8683974547
3457,1303015.109930312
3458,1307542.4809557304
3459,1301667.835440301
3460,1298382.368290522
3461,1303448.5835014554
3462,1300113.942667725
3463,1313607.5909800716
3464,1302405.1367610155
3465,1301436.939147778
3466,1303934.6891062679
3467,1301460.8281200686
3468,1301578.4693639153
3469,1306743.8910444987
3470,1300618.5092230132
3471,1289614.4139843616
3472,1304306.4774261217
3473,1306497.634397569
3474,1293467.410202027
3475,1301913.290304314
3476,1301469.6608108054
3477,1297470.273165648
3478,1304133.8970070523
3479,1296057.0432137728
3480,1299074.353664211
3481,1315973.2517553985
3482,1314296.3065231626
3483,1304303.2184694302
3484,1304665.2558468035
3485,1299488.2490933088
3486,1305135.9288331554
3487,1309940.8027094186
3488,1307099.6341077273
3489,1299420.2536042705
3490,1307566.8448632478
3491,1297689.281996281
3492,1304205.024443844
3493,1298171.9354938657
3494,1297047.1136551134
3495,1303258.2490382046
3496,1305312.4011912367
3497,1299751.9821770233
3498,1311510.6480933195
3499,1306961.7666912714
3500,1309388.5836728814
