House ID,Golden Grains
1,1301073.887
2,1302011.233
3,1299666.771
4,1301610.029
5,1298265.137
6,1308944.992
7,1306251.925
8,1303243.774
9,1305275.92
10,1307510.567
11,1302004.998
12,1310823.425
13,1300176.265
14,1298890.933
15,1303878.901
16,1292228.383
17,1315078.094
18,1300871.097
19,1296669.502
20,1306610.896
21,1303680.061
22,1299364.042
23,1302404.806
24,1303567.366
25,1303605.715
26,1299651.702
27,1302930.474
28,1301114.568
29,1310738.367
30,1301840.073
31,1308050.215
32,1308805.683
33,1310325.591
34,1308701.867
35,1298940.72
36,1302244.233
37,1299815.139
38,1312581.621
39,1298307.955
40,1301731.833
41,1307148.854
42,1306966.043
43,1302826.137
44,1304878.696
45,1305703.819
46,1296155.129
47,1304202.676
48,1298272.764
49,1304839.065
50,1309821.878
51,1315427.4
52,1304675.993
53,1309417.79
54,1297515.66
55,1300685.765
56,1307138.558
57,1308861.723
58,1297264.173
59,1296149.434
60,1302504.89
61,1299735.827
62,1304126.497
63,1301398.17
64,1298765.203
65,1308271.964
66,1308791.886
67,1298754.025
68,1299198.653
69,1306192.117
70,1295560.112
71,1302562.435
72,1301987.305
73,1316054.935
74,1303319.899
75,1295178.7
76,1311445.471
77,1308513.059
78,1314759.786
79,1305637.031
80,1306753.239
81,1310168.774
82,1296204.635
83,1303765.58
84,1302219.5
85,1295240.245
86,1299510.649
87,1304132.761
88,1303781.162
89,1304106.141
90,1306619.542
91,1309426.375
92,1319568.917
93,1302200.791
94,1302435.656
95,1313546.871
96,1297407.422
97,1311096.267
98,1313010.513
99,1296419.782
100,1310776.909
101,1304216.623
102,1297456.418
103,1298450.15
104,1299482.808
105,1296687.937
106,1298479.98
107,1306192.557
108,1304752.98
109,1304856.199
110,1311871.506
111,1298748.739
112,1298137.182
113,1305154.678
114,1296215.689
115,1307578.214
116,1304900.672
117,1316930.857
118,1301529.489
119,1301030.282
120,1302572.305
121,1307213.673
122,1303282.913
123,1306631.33
124,1301379.895
125,1298546.492
126,1307512.047
127,1304356.848
128,1309405.439
129,1301907.628
130,1301671.57
131,1308521.51
132,1305549.015
133,1293620.034
134,1306916.399
135,1297541.308
136,1302635.977
137,1312351.928
138,1306807.383
139,1302319.136
140,1308327.711
141,1304127.057
142,1306631.226
143,1299010.955
144,1311340.361
145,1310769.191
146,1300591.813
147,1297037.491
148,1303037.337
149,1301311.436
150,1298717.268
151,1304807.159
152,1306540.035
153,1310023.991
154,1311875.07
155,1300095.497
156,1302089.155
157,1304867.875
158,1307565.331
159,1301436.601
160,1304832.133
161,1301602.787
162,1296966.873
163,1316379.412
164,1296346.316
165,1297529.987
166,1299552.4
167,1306701.181
168,1305202.174
169,1294147.722
170,1296704.058
171,1301169.674
172,1303586.796
173,1299456.955
174,1306265.967
175,1296022.389
176,1294794.747
177,1300922.154
178,1310112.653
179,1297294.217
180,1303231.288
181,1299467.858
182,1300850.17
183,1302612.003
184,1311528.658
185,1304886.29
186,1304857.019
187,1315451.095
188,1300686.78
189,1304011.415
190,1302774.508
191,1296292.284
192,1299203.326
193,1313295.06
194,1306044.76
195,1293423.893
196,1302001.275
197,1296274.118
198,1298103.927
199,1303560.47
200,1305392.703
201,1302677.526
202,1310476.765
203,1299139.927
204,1303403.659
205,1308243.819
206,1292439.988
207,1303186.643
208,1303106.485
209,1305812.104
210,1304445.867
211,1314085.356
212,1303671.785
213,1298992.512
214,1310840.569
215,1302787.93
216,1307144.915
217,1288861.861
218,1307945.79
219,1305568.177
220,1304683.111
221,1300506.656
222,1306285.78
223,1302371.147
224,1304379.743
225,1302202.555
226,1304190.288
227,1305294.958
228,1300076.884
229,1309946.444
230,1309078.371
231,1300877.486
232,1305000.082
233,1304373.445
234,1295125.847
235,1296789.426
236,1302671.146
237,1301591.525
238,1301273.676
239,1309971.06
240,1302414.822
241,1296304.422
242,1311155.664
243,1301384.345
244,1301124.638
245,1302742.801
246,1305692.681
247,1303760.665
248,1307646.696
249,1296981.125
250,1308901.18
251,1305614.916
252,1295244.549
253,1302116.931
254,1306804.266
255,1294613.348
256,1304832.988
257,1311579.058
258,1298937.956
259,1295490.62
260,1310922.662
261,1298613.935
262,1297165.637
263,1310696.404
264,1304215.214
265,1298934.748
266,1308519.974
267,1294597.57
268,1310045.435
269,1313015.091
270,1304817.253
271,1318891.86
272,1292085.42
273,1309896.041
274,1308931.234
275,1297369.595
276,1309263.764
277,1303299.765
278,1303876.603
279,1299819.568
280,1315701.177
281,1292360.108
282,1310258.159
283,1296306.396
284,1305757.702
285,1302101.585
286,1307468.174
287,1297306.393
288,1300641.8
289,1305092.677
290,1308334.773
291,1312124.187
292,1310645.621
293,1300916.849
294,1311855.587
295,1294259.943
296,1308541.049
297,1311018.189
298,1304191.949
299,1305495.808
300,1301260.965
301,1306623.885
302,1304092.612
303,1304249.716
304,1303091.051
305,1298937.674
306,1303480.615
307,1300784.165
308,1310104.489
309,1301770.554
310,1302482.145
311,1301641.897
312,1297151.715
313,1299948.122
314,1310009.809
315,1315705.086
316,1301683.515
317,1304590.808
318,1299105.604
319,1292034.987
320,1301191.51
321,1310162.626
322,1303163.744
323,1322244.368
324,1298188.868
325,1303081.803
326,1300901.555
327,1294334.907
328,1293254.953
329,1301774.399
330,1296416.617
331,1305550.158
332,1302541.543
333,1302123.85
334,1302517.741
335,1301804.807
336,1286511.582
337,1306533.985
338,1306612.676
339,1300370.628
340,1307546.308
341,1297138.09
342,1306517.823
343,1303823.293
344,1308751.559
345,1307955.007
346,1306386.097
347,1304008.589
348,1311134.613
349,1305163.372
350,1305114.507
351,1306807.031
352,1301637.904
353,1304028.411
354,1312239.013
355,1308828.781
356,1306450.178
357,1300025.171
358,1308484.205
359,1296727.441
360,1306599.194
361,1302635.74
362,1295789.291
363,1306948.012
364,1313534.376
365,1306653.916
366,1302820.105
367,1304360.194
368,1302041.177
369,1309907.325
370,1308652.891
371,1303095.584
372,1300928.571
373,1295979.061
374,1316721.189
375,1301129.724
376,1305044.178
377,1297282.227
378,1294585.709
379,1303031.064
380,1297273.334
381,1312952.146
382,1297266.473
383,1309636.836
384,1301773.179
385,1313263.974
386,1294665.363
387,1306499.602
388,1313454.849
389,1298954.915
390,1302738.931
391,1302919.205
392,1308869.687
393,1293673.826
394,1306538.512
395,1305164.398
396,1303041.685
397,1294527.089
398,1294689.778
399,1316487.828
400,1309783.823
401,1306772.866
402,1302343.555
403,1303701.783
404,1306475.697
405,1305006.479
406,1302255.961
407,1310657.739
408,1301991.672
409,1303781.402
410,1305551.517
411,1302614.471
412,1305484.955
413,1295734.817
414,1301554.622
415,1301534.04
416,1310137.361
417,1295038.002
418,1306063.634
419,1306522.435
420,1309255.428
421,1297455.372
422,1309161.796
423,1301368.149
424,1305064.218
425,1309163.967
426,1305052.013
427,1304023.224
428,1304187.555
429,1305413.372
430,1303203.79
431,1306301.763
432,1298948.153
433,1307043.417
434,1297351.248
435,1301867.725
436,1299842.708
437,1300616.126
438,1291451.532
439,1306608.423
440,1299545.894
441,1296557.634
442,1301294.381
443,1296951.593
444,1308894.899
445,1299324.29
446,1309920.649
447,1306023.764
448,1303805.21
449,1308872.265
450,1302487.735
451,1303263.578
452,1306596.234
453,1306807.797
454,1302477.815
455,1303352.321
456,1297584.159
457,1307660.031
458,1303344.102
459,1308169.628
460,1309724.549
461,1306171.307
462,1302189.8
463,1304425.784
464,1300645.177
465,1302893.438
466,1307905.591
467,1295423.248
468,1308576.006
469,1297735.801
470,1297190.362
471,1301497.586
472,1305230.564
473,1293881.894
474,1304710.119
475,1308357.724
476,1305039.037
477,1295412.605
478,1311055.26
479,1299104.646
480,1303108.402
481,1296398.923
482,1306836.342
483,1301719.87
484,1302586.381
485,1308565.876
486,1305771.536
487,1302601.693
488,1305632.693
489,1296942.754
490,1301986.883
491,1308616.856
492,1301098.317
493,1311936.565
494,1306653.791
495,1314931.812
496,1302220.246
497,1306859.375
498,1310884.193
499,1300644.352
500,1297071.226
501,1308960.815
502,1302020.011
503,1306955.855
504,1295618.295
505,1305072.286
506,1301907.553
507,1299118.799
508,1307347.533
509,1298064.539
510,1303696.798
511,1299445.522
512,1297298.888
513,1303938.423
514,1307881.778
515,1296905.235
516,1310424.07
517,1298641.743
518,1307824.766
519,1304632.638
520,1300871.101
521,1307401.498
522,1310895.887
523,1305460.505
524,1307550.771
525,1299491.663
526,1295610.135
527,1304125.041
528,1298871.678
529,1305379.975
530,1298516.214
531,1305307.475
532,1302973.215
533,1298791.932
534,1308407.942
535,1308149.195
536,1301863.459
537,1306551.192
538,1306090.345
539,1306694.907
540,1297977.239
541,1299347.445
542,1305044.023
543,1310929.192
544,1300332.963
545,1302357.965
546,1296450.648
547,1297184.877
548,1307577.837
549,1295978.581
550,1302877.716
551,1314321.498
552,1307798.098
553,1310056.556
554,1315233.084
555,1294466.01
556,1306109.45
557,1296732.709
558,1299045.684
559,1301390.594
560,1299235.824
561,1305958.856
562,1295886.409
563,1310975.322
564,1304326.886
565,1298206.629
566,1301294.388
567,1304623.877
568,1302657.567
569,1305675.184
570,1298286.413
571,1307250.407
572,1294204.1
573,1310837.412
574,1299087.407
575,1303447.069
576,1308171.298
577,1304859.209
578,1294716.971
579,1305741.648
580,1307676.949
581,1303129.75
582,1303087.264
583,1307595.731
584,1315438.791
585,1305047.009
586,1309450.577
587,1305515.499
588,1297564.952
589,1313159.073
590,1309263.262
591,1300340.4
592,1308608.034
593,1303015.756
594,1300546.614
595,1308431.256
596,1306035.811
597,1303688.244
598,1305625.901
599,1302954.206
600,1302299.721
601,1298036.811
602,1304552.248
603,1301695.294
604,1299425.96
605,1304100.818
606,1314186.568
607,1293045.177
608,1299195.023
609,1304635.888
610,1304770.857
611,1302909.211
612,1304079.385
613,1300260.761
614,1303870.123
615,1307965.858
616,1296261.511
617,1307657.564
618,1295270.142
619,1312767.805
620,1304423.671
621,1300756.762
622,1291861.669
623,1295102.816
624,1306767.029
625,1299551.449
626,1315925.417
627,1301155.356
628,1308732.276
629,1299892.05
630,1317032.882
631,1307830.117
632,1294321.092
633,1303363.657
634,1302611.485
635,1301786.491
636,1304984.741
637,1306758.85
638,1309396.242
639,1294500.196
640,1303846.432
641,1302884.823
642,1300064.87
643,1303078.523
644,1302233.096
645,1300382.126
646,1304741.408
647,1306320.57
648,1306698.436
649,1297697.999
650,1297412.76
651,1302257.175
652,1300293.495
653,1300922.874
654,1305413.286
655,1305203.633
656,1308691.624
657,1303989.611
658,1303250.034
659,1296159.786
660,1312247.672
661,1301837.297
662,1310844.305
663,1302104.765
664,1303425.556
665,1306899.59
666,1300845.628
667,1304162.605
668,1304804.228
669,1304770.446
670,1307897.365
671,1296171.969
672,1301808.244
673,1304170.048
674,1298167.947
675,1302272.783
676,1310269.259
677,1301616.845
678,1314733.099
679,1304561.767
680,1296642.425
681,1302267.828
682,1297856.123
683,1305381.651
684,1304133.999
685,1305678.984
686,1303960.6
687,1308096.159
688,1312859.721
689,1299757.029
690,1305245.919
691,1312439.96
692,1301387.783
693,1305421.991
694,1300332.869
695,1308211.496
696,1301710.121
697,1301034.887
698,1302082.773
699,1308467.166
700,1300194.246
701,1311333.957
702,1293099.169
703,1301455.199
704,1297742.718
705,1303138.887
706,1296972.813
707,1303964.778
708,1307311.619
709,1298834.29
710,1311840.322
711,1303009.956
712,1311939.363
713,1298827.407
714,1302736.398
715,1299815.029
716,1298701.468
717,1304791.816
718,1298668.105
719,1303113.941
720,1308199.937
721,1300340.176
722,1300129.691
723,1298964.834
724,1304085.672
725,1310811.867
726,1304298.721
727,1301185.862
728,1306066.913
729,1305061.149
730,1298381.747
731,1298093.787
732,1303711.226
733,1298901.53
734,1301323.444
735,1300965.482
736,1311088.24
737,1295140.79
738,1302890.632
739,1299953.267
740,1302943.999
741,1300475.472
742,1305024.853
743,1300523.595
744,1305706.235
745,1298573.726
746,1304598.04
747,1305411.201
748,1302234.091
749,1300150.803
750,1311182.139
751,1299490.976
752,1311155.184
753,1299166.15
754,1297125.006
755,1305888.099
756,1311949.606
757,1307662.804
758,1304232.66
759,1308335.594
760,1314366.655
761,1306033.742
762,1300228.652
763,1296717.036
764,1304548.681
765,1299728.137
766,1296094.104
767,1297338.114
768,1318322.296
769,1304626.635
770,1298302.663
771,1303021.278
772,1311023.092
773,1296247.851
774,1299277.162
775,1299477.424
776,1312440.971
777,1302108.767
778,1310417.803
779,1297252.141
780,1300870.041
781,1310038.717
782,1307556.606
783,1302305.566
784,1309729.899
785,1302625.435
786,1304014.999
787,1302427.05
788,1303227.871
789,1308967.976
790,1309612.339
791,1300421.273
792,1313186.888
793,1299497.742
794,1296328.048
795,1299106.994
796,1296727.832
797,1299616.086
798,1307766.373
799,1294505.74
800,1302469.686
801,1304162.144
802,1292609.037
803,1294836.281
804,1301731.493
805,1304960.13
806,1299826.942
807,1300586.147
808,1304180.155
809,1309889.267
810,1296046.655
811,1292120.679
812,1304396.647
813,1302180.658
814,1302867.999
815,1302523.337
816,1300755.023
817,1300260.58
818,1300808.424
819,1300858.642
820,1299211.409
821,1307403.999
822,1299785.118
823,1312731.299
824,1302723.516
825,1312454.11
826,1308783.996
827,1304047.733
828,1305776.946
829,1303048.543
830,1293694.592
831,1308182.409
832,1310899.773
833,1303562.442
834,1299582.883
835,1302972.683
836,1311856.003
837,1302214.677
838,1302966.751
839,1309703.562
840,1306175.114
841,1296355.324
842,1294980.662
843,1300563.767
844,1298969.752
845,1298685.217
846,1300057.99
847,1300840.203
848,1313393.991
849,1300349.143
850,1305906.4
851,1305717.776
852,1296020.21
853,1305145.251
854,1297670.706
855,1300748.875
856,1306235.078
857,1301370.377
858,1295471.24
859,1307974.857
860,1316314.407
861,1302976.346
862,1297712.207
863,1302251.393
864,1303288.258
865,1298997.529
866,1302751.275
867,1303187.235
868,1306414.227
869,1304643.215
870,1307844.799
871,1306208.941
872,1299008.261
873,1290067.58
874,1310627.101
875,1305230.537
876,1306443.497
877,1299670.187
878,1302478.456
879,1309573.018
880,1290266.193
881,1297330.514
882,1297062.853
883,1312415.238
884,1304195.102
885,1298766.568
886,1304047.165
887,1305561.379
888,1307789.223
889,1297238.524
890,1305784.403
891,1312692.916
892,1299278.413
893,1305209.188
894,1308693.896
895,1310341.073
896,1299581.427
897,1298503.185
898,1302267.647
899,1293298.286
900,1311214.604
901,1308911.192
902,1307436.771
903,1303112.752
904,1300627.968
905,1299987.419
906,1302376.778
907,1313890.287
908,1306665.079
909,1307728.204
910,1301243.521
911,1308886.046
912,1298267.267
913,1307712.926
914,1303469.679
915,1301705.426
916,1304996.041
917,1304039.544
918,1306117.353
919,1303688.203
920,1312245.366
921,1301462.122
922,1306812.763
923,1309137.519
924,1309102.602
925,1313450.065
926,1295570.546
927,1295064.026
928,1300599.215
929,1295856.389
930,1291316.895
931,1297584.998
932,1298659.177
933,1297719.893
934,1297377.847
935,1300360.621
936,1299123.482
937,1300495.585
938,1306465.515
939,1300173.993
940,1305055.248
941,1303860.766
942,1306367.334
943,1314927.82
944,1304305.381
945,1302472.168
946,1303154.651
947,1302817.999
948,1304779.802
949,1306422.074
950,1307412.077
951,1305559.492
952,1313087.911
953,1311341.641
954,1299976.851
955,1306222.496
956,1306260.17
957,1305124.692
958,1301855.204
959,1301234.077
960,1310453.519
961,1314366.489
962,1305531.47
963,1314659.211
964,1307888.84
965,1305159.761
966,1296571.723
967,1303332.836
968,1298327.777
969,1304650.21
970,1302565.688
971,1305688.564
972,1310964.043
973,1305859.265
974,1301283.674
975,1291328.76
976,1298685.291
977,1305007.384
978,1301878.62
979,1299537.917
980,1304550.165
981,1305860.79
982,1300781.963
983,1311066.174
984,1301729.738
985,1303456.595
986,1302664.039
987,1301736.47
988,1304425.644
989,1300799.38
990,1296329.445
991,1297189.484
992,1305189.171
993,1310709.436
994,1303076.312
995,1300503.455
996,1302430.155
997,1308996.131
998,1309810.526
999,1313158.834
1000,1304331.271
1001,1308306.411
1002,1302492.567
1003,1306345.998
1004,1305644.699
1005,1302658.298
1006,1303786.335
1007,1299255.823
1008,1309967.86
1009,1307734.243
1010,1296333.641
1011,1312082.626
1012,1305900.962
1013,1308419.412
1014,1302217.911
1015,1308966.186
1016,1297953.131
1017,1305972.129
1018,1294088.075
1019,1304014.759
1020,1303790.17
1021,1292034.369
1022,1294553.592
1023,1314197.451
1024,1297369.56
1025,1310156.406
1026,1294279.485
1027,1300858.478
1028,1300306.258
1029,1303697.567
1030,1299783.664
1031,1305075.203
1032,1304755.839
1033,1300228.003
1034,1305178.652
1035,1303592.139
1036,1302675.696
1037,1306131.188
1038,1309591.181
1039,1303565.577
1040,1291093.157
1041,1303923.517
1042,1312730.409
1043,1309950.446
1044,1305044.069
1045,1304347.894
1046,1304026.463
1047,1300859.742
1048,1318172.784
1049,1303478.596
1050,1301136.926
1051,1306265.673
1052,1301976.911
1053,1303354.982
1054,1308449.153
1055,1306597.476
1056,1304475.085
1057,1299958.591
1058,1306883.052
1059,1307847.641
1060,1318401.557
1061,1300147.899
1062,1302124.8
1063,1303365.286
1064,1301799.921
1065,1304718.563
1066,1296406.026
1067,1306424.814
1068,1305304.929
1069,1300016.345
1070,1306376.295
1071,1300907.603
1072,1306745.189
1073,1305879.104
1074,1301180.48
1075,1305728.795
1076,1308169.676
1077,1309017.375
1078,1310729.27
1079,1304123.789
1080,1301094.091
1081,1300697.074
1082,1303327.361
1083,1300286.713
1084,1301522.25
1085,1307185.895
1086,1293646.496
1087,1311585.119
1088,1303383.759
1089,1304435.519
1090,1296471.543
1091,1308302.197
1092,1299819.756
1093,1300818.443
1094,1306569.209
1095,1301340.946
1096,1300138.021
1097,1296652.565
1098,1304078.426
1099,1302204.943
1100,1302428.297
1101,1308397.695
1102,1302212.377
1103,1311377.877
1104,1301050.892
1105,1306349.416
1106,1296468.53
1107,1305593.354
1108,1300934.751
1109,1302040.883
1110,1315878.651
1111,1299539.962
1112,1292819.216
1113,1299249.084
1114,1302665.907
1115,1300335.198
1116,1299220.391
1117,1305990.043
1118,1297092.825
1119,1305449.184
1120,1297770.347
1121,1300118.924
1122,1293084.289
1123,1313797.852
1124,1299769.684
1125,1303150.754
1126,1305777.255
1127,1318729.113
1128,1302817.299
1129,1304686.32
1130,1305525.262
1131,1302309.157
1132,1298581.892
1133,1301967.315
1134,1308038.387
1135,1301156.646
1136,1310620.047
1137,1304948.347
1138,1306923.137
1139,1300978.538
1140,1308918.293
1141,1297383.52
1142,1298579.994
1143,1291064.721
1144,1297027.719
1145,1301048.994
1146,1302695.23
1147,1310653.364
1148,1302305.824
1149,1300971.974
1150,1300361.056
1151,1304842.568
1152,1302935.472
1153,1306485.851
1154,1295088.112
1155,1308085.675
1156,1309763.344
1157,1308122.622
1158,1301543.553
1159,1301068.264
1160,1299722.464
1161,1308749.895
1162,1308388.08
1163,1299696.312
1164,1306188.765
1165,1307290.029
1166,1298240.141
1167,1296265.277
1168,1306155.531
1169,1307207.946
1170,1297603.915
1171,1301759.858
1172,1304247.932
1173,1300671.86
1174,1302365.087
1175,1302867.534
1176,1308478.162
1177,1303003.147
1178,1300063.87
1179,1307301.761
1180,1306475.414
1181,1309140.095
1182,1300955.344
1183,1305133.577
1184,1304465.285
1185,1304714.092
1186,1300448.294
1187,1303383.414
1188,1301745.485
1189,1303637.318
1190,1300206.144
1191,1305250.417
1192,1300205.074
1193,1302709.974
1194,1306331.756
1195,1309397.462
1196,1302924.326
1197,1316069.394
1198,1307256.614
1199,1304924.133
1200,1298320.042
1201,1301468.541
1202,1292522.183
1203,1303330.153
1204,1312181.866
1205,1303066.152
1206,1307069.176
1207,1300462.543
1208,1303427.248
1209,1308217.405
1210,1297846.688
1211,1307097.355
1212,1304923.77
1213,1303306.94
1214,1307428.507
1215,1307750.806
1216,1297819.341
1217,1301802.503
1218,1295752.182
1219,1296783.648
1220,1297657.462
1221,1307223.539
1222,1303066.297
1223,1308452.319
1224,1302732.051
1225,1305949.886
1226,1301504.892
1227,1305931.487
1228,1308911.825
1229,1312715.651
1230,1300106.683
1231,1305983.411
1232,1302501.206
1233,1311295.757
1234,1308524.842
1235,1304812.918
1236,1302963.607
1237,1305993.063
1238,1301477.674
1239,1303750.835
1240,1301717.419
1241,1312052.866
1242,1297037.791
1243,1298022.871
1244,1306584.3
1245,1300537.398
1246,1311456.328
1247,1296406.459
1248,1296499.853
1249,1302542.035
1250,1297333.554
1251,1295607.712
1252,1313032.62
1253,1301782.484
1254,1303877.087
1255,1308423.336
1256,1310751.148
1257,1303433.127
1258,1300833.361
1259,1298023.95
1260,1301458.163
1261,1302743.978
1262,1300742.643
1263,1305159.091
1264,1303205.747
1265,1306996.455
1266,1304689.306
1267,1306636.23
1268,1299265.668
1269,1306579.92
1270,1306562.432
1271,1296786.496
1272,1289469.162
1273,1297230.652
1274,1316338.148
1275,1308420.972
1276,1314445.096
1277,1296051.235
1278,1297604.022
1279,1299896.669
1280,1302678.898
1281,1309295.549
1282,1302702.928
1283,1309720.173
1284,1301454.345
1285,1307131.789
1286,1312055.093
1287,1295525.478
1288,1304701.381
1289,1308391.533
1290,1300237.156
1291,1312326.125
1292,1301989.567
1293,1305392.566
1294,1308379.86
1295,1295186.301
1296,1301056.901
1297,1300639.361
1298,1299749.719
1299,1297982.865
1300,1301673.679
1301,1311202.593
1302,1306411.933
1303,1308789.237
1304,1311714.343
1305,1309344.157
1306,1301094.268
1307,1300679.241
1308,1309866.81
1309,1304704.254
1310,1287146.404
1311,1301895.259
1312,1293112.819
1313,1297649.73
1314,1312101.091
1315,1304328.421
1316,1302782.133
1317,1294472.977
1318,1309155.36
1319,1299746.377
1320,1308522.056
1321,1302971.603
1322,1307449.518
1323,1305788.269
1324,1303324.961
1325,1296257.379
1326,1303288.064
1327,1306593.626
1328,1291708.046
1329,1299356.54
1330,1306966.681
1331,1296725.145
1332,1298099.074
1333,1300356.553
1334,1304570.848
1335,1310048.344
1336,1309417.916
1337,1300748.503
1338,1301380.818
1339,1298513.725
1340,1305060.591
1341,1303841.757
1342,1304761.878
1343,1302798.575
1344,1307391.206
1345,1302688.507
1346,1307229.152
1347,1299534.614
1348,1301387.615
1349,1296278.192
1350,1301638.362
1351,1302996.291
1352,1301594.58
1353,1308097.185
1354,1295374.441
1355,1303182.086
1356,1309801.499
1357,1300330.301
1358,1294730.782
1359,1299563.293
1360,1313802.679
1361,1308057.415
1362,1302686.651
1363,1300692.403
1364,1298960.034
1365,1302786.558
1366,1300325.08
1367,1306704.609
1368,1303454.95
1369,1302475.673
1370,1306457.422
1371,1304379.042
1372,1310101.81
1373,1302725.896
1374,1304947.994
1375,1302316.255
1376,1308203.771
1377,1313509.111
1378,1299691.635
1379,1309160.26
1380,1305460.903
1381,1307547.937
1382,1303712.937
1383,1303040.252
1384,1298823.5
1385,1299527.29
1386,1296060.793
1387,1309726.987
1388,1291055.965
1389,1308875.462
1390,1307558.478
1391,1293246.74
1392,1298495.771
1393,1307679.59
1394,1306400.472
1395,1306712.604
1396,1301295.574
1397,1304161.4
1398,1309577.432
1399,1305472.175
1400,1310675.771
1401,1303425.193
1402,1306147.43
1403,1300497.026
1404,1299178.485
1405,1305463.704
1406,1309994.044
1407,1300418.639
1408,1302661.801
1409,1299340.647
1410,1305327.218
1411,1301322.012
1412,1295249.503
1413,1301403.161
1414,1297003.291
1415,1314605.128
1416,1315066.329
1417,1306598.985
1418,1312186.626
1419,1293888.581
1420,1297619.349
1421,1307025.372
1422,1304067.317
1423,1302098.762
1424,1305680.4
1425,1305448.384
1426,1298639.496
1427,1302339.845
1428,1296309.704
1429,1305171.29
1430,1308688.363
1431,1300870.528
1432,1306362.895
1433,1300684.639
1434,1301790.81
1435,1298785.212
1436,1306445.973
1437,1301480.038
1438,1313918.533
1439,1301974.446
1440,1304860.274
1441,1302854.429
1442,1301702.264
1443,1300294.58
1444,1303505.464
1445,1293316.457
1446,1297354.847
1447,1305883.651
1448,1303263.599
1449,1305870.12
1450,1304984.158
1451,1297892.735
1452,1297321.171
1453,1313863.62
1454,1299263.195
1455,1305359.424
1456,1306787.195
1457,1302241.37
1458,1303977.148
1459,1306519.249
1460,1304020.177
1461,1302456.144
1462,1310661.331
1463,1304637.173
1464,1308575.939
1465,1299563.337
1466,1309590.768
1467,1301989.01
1468,1309104.374
1469,1300892.095
1470,1295623.632
1471,1303755.569
1472,1295896.238
1473,1296665.361
1474,1305587.484
1475,1304905.78
1476,1303898.451
1477,1303026.814
1478,1306642.418
1479,1295362.988
1480,1308717.28
1481,1306309.265
1482,1302886.791
1483,1293841.024
1484,1300329.659
1485,1309314.929
1486,1297510.962
1487,1305839.889
1488,1299441.651
1489,1304447.825
1490,1305674.76
1491,1316491.659
1492,1308471.177
1493,1305197.298
1494,1304338.001
1495,1297876.404
1496,1297070.296
1497,1309278.011
1498,1303896.991
1499,1293977.814
1500,1302486.607
1501,1295994.982
1502,1297106.52
1503,1305928.54
1504,1304115.438
1505,1307207.972
1506,1311858.204
1507,1309895.87
1508,1305406.898
1509,1311349.456
1510,1312150.708
1511,1295483.853
1512,1295656.289
1513,1302009.973
1514,1305934.401
1515,1301499.464
1516,1298235.31
1517,1303787.904
1518,1303091.762
1519,1315952.272
1520,1306868.992
1521,1300733.709
1522,1300035.104
1523,1306491.312
1524,1299106.376
1525,1300239.656
1526,1304986.412
1527,1305408.063
1528,1313115.842
1529,1311345.082
1530,1307602.037
1531,1308423.468
1532,1318157.674
1533,1302858.02
1534,1305657.887
1535,1295819.743
1536,1305019.232
1537,1312286.409
1538,1301126.445
1539,1299401.189
1540,1306827.591
1541,1306553.604
1542,1308749.673
1543,1301934.648
1544,1304337.633
1545,1306349.285
1546,1303990.715
1547,1302442.157
1548,1302215.895
1549,1295643.748
1550,1305311.355
1551,1305585.202
1552,1302243.404
1553,1313159.488
1554,1305930.868
1555,1306453.08
1556,1297524.975
1557,1316177.8
1558,1304833.334
1559,1303763.266
1560,1297711.385
1561,1304193.939
1562,1313884.136
1563,1304703.72
1564,1298506.151
1565,1300237.062
1566,1304872.405
1567,1313635.574
1568,1313237.784
1569,1299446.398
1570,1310122.932
1571,1308987.163
1572,1303740.281
1573,1302738.215
1574,1301951.928
1575,1307797.884
1576,1302310.413
1577,1308103.422
1578,1304880.766
1579,1309592.374
1580,1307248.918
1581,1300631.634
1582,1295007.024
1583,1301951.348
1584,1301382.049
1585,1302079.872
1586,1300042.512
1587,1306510.486
1588,1303557.917
1589,1309197.918
1590,1294821.899
1591,1306071.865
1592,1298608.079
1593,1304518.829
1594,1314879.544
1595,1308856.022
1596,1305714.185
1597,1298948.279
1598,1304128.64
1599,1301261.988
1600,1304724.763
1601,1302229.649
1602,1313353.719
1603,1299136.827
1604,1312877.306
1605,1303450.502
1606,1302883.22
1607,1303069.727
1608,1296166.357
1609,1300838.07
1610,1294255.024
1611,1306010.355
1612,1319004.483
1613,1303981.328
1614,1299512.903
1615,1309332.484
1616,1306156.086
1617,1301339.237
1618,1295416.065
1619,1297911.273
1620,1303610.961
1621,1310183.93
1622,1303676.186
1623,1303904.177
1624,1303298.986
1625,1308709.556
1626,1310538.347
1627,1308850.607
1628,1304752.199
1629,1303516.303
1630,1305238.519
1631,1302569.011
1632,1297953.377
1633,1308461.693
1634,1310455.198
1635,1303491.884
1636,1299901.282
1637,1289237.083
1638,1306924.963
1639,1297174.031
1640,1299932.294
1641,1309204.258
1642,1299203.99
1643,1303157.303
1644,1302679.519
1645,1304444.777
1646,1305978.246
1647,1304403.152
1648,1306228.454
1649,1311215.25
1650,1294342.754
1651,1300290.129
1652,1299893.471
1653,1299729.443
1654,1294495.009
1655,1305830.873
1656,1303458.06
1657,1315327.102
1658,1309464.572
1659,1297564.447
1660,1301721.723
1661,1302475.995
1662,1310835.209
1663,1301048.525
1664,1300114.705
1665,1300023.471
1666,1301478.603
1667,1304909.694
1668,1307531.981
1669,1300648.493
1670,1301983.824
1671,1306927.034
1672,1300346.393
1673,1299473.246
1674,1299591.518
1675,1292846.245
1676,1300013.675
1677,1308782.488
1678,1299027.291
1679,1299615.529
1680,1305873.58
1681,1310644.68
1682,1311802.974
1683,1312482.92
1684,1315859.299
1685,1303489.536
1686,1304316.532
1687,1304283.157
1688,1301138.633
1689,1304005.216
1690,1302560.231
1691,1303275.648
1692,1303808.116
1693,1299501.912
1694,1301571.768
1695,1310036.529
1696,1302566.929
1697,1301093.139
1698,1300762.487
1699,1296919.555
1700,1299417.673
1701,1307832.286
1702,1304927.555
1703,1296849.65
1704,1304951.544
1705,1306523.53
1706,1312499.369
1707,1304655.557
1708,1294991.61
1709,1298512.482
1710,1303038.037
1711,1304615.19
1712,1298222.317
1713,1305110.74
1714,1304938.379
1715,1309297.086
1716,1305115.518
1717,1297667.427
1718,1301729.554
1719,1310137.126
1720,1302333.704
1721,1304586.718
1722,1314607.832
1723,1302028.722
1724,1301959.202
1725,1303600.59
1726,1303387.375
1727,1306197.945
1728,1311373.423
1729,1302550.599
1730,1296688.131
1731,1298878.772
1732,1303584.276
1733,1298904.041
1734,1310556.424
1735,1304075.989
1736,1312512.377
1737,1306203.863
1738,1296873.173
1739,1298003.992
1740,1298216.31
1741,1298472.155
1742,1308851.504
1743,1307466.25
1744,1295222.638
1745,1303221.348
1746,1310142.919
1747,1304620.893
1748,1310242.152
1749,1302196.8
1750,1296161.06
1751,1300202.412
1752,1303223.054
1753,1309910.54
1754,1295522.797
1755,1304331.868
1756,1304501.794
1757,1298452.979
1758,1300201.062
1759,1303386.904
1760,1302681.391
1761,1303761.233
1762,1313655.987
1763,1314729.809
1764,1309408.371
1765,1292626.666
1766,1296099.776
1767,1299131.457
1768,1301984.578
1769,1298328.578
1770,1305000.499
1771,1297621.75
1772,1312781.138
1773,1300438.764
1774,1312033.269
1775,1300753.144
1776,1307909.644
1777,1301547.285
1778,1301708.379
1779,1306621.936
1780,1301977.88
1781,1300531.019
1782,1303478.95
1783,1316132.493
1784,1301170.648
1785,1311347.25
1786,1297332.637
1787,1294781.863
1788,1310995.197
1789,1301348.369
1790,1313629.575
1791,1305504.434
1792,1305132.443
1793,1307214.484
1794,1311703.136
1795,1299780.965
1796,1303676.239
1797,1304926.208
1798,1304198.303
1799,1305111.5
1800,1302640.656
1801,1297953.651
1802,1293377.894
1803,1299695.611
1804,1303532.002
1805,1304750.75
1806,1304114.951
1807,1305493.294
1808,1295676.346
1809,1304269.219
1810,1306135.67
1811,1300136.687
1812,1309111.231
1813,1304093.432
1814,1301718.853
1815,1301116.754
1816,1303489.819
1817,1303871.156
1818,1311312.563
1819,1303871.015
1820,1315586.589
1821,1299076.674
1822,1304915.324
1823,1310964.587
1824,1306025.886
1825,1305640.765
1826,1296318.087
1827,1306836.053
1828,1302140.437
1829,1304687.302
1830,1307376.164
1831,1299410.827
1832,1303533.402
1833,1307470.32
1834,1301223.95
1835,1303147.853
1836,1301909.701
1837,1303830.041
1838,1307661.341
1839,1303544.314
1840,1298500.045
1841,1306579.998
1842,1312329.95
1843,1298042.094
1844,1303105.073
1845,1297756.224
1846,1302367.977
1847,1302698.376
1848,1300969.684
1849,1320488.619
1850,1313295.392
1851,1314265.078
1852,1292811.584
1853,1302608.642
1854,1311221.672
1855,1307879.972
1856,1307465.841
1857,1306488.221
1858,1301633.081
1859,1300697.496
1860,1305373.068
1861,1299879.054
1862,1304638.421
1863,1298764.323
1864,1301478.199
1865,1304289.61
1866,1308620.595
1867,1302892.406
1868,1297985.601
1869,1301873.711
1870,1305077.597
1871,1294200.003
1872,1301001.337
1873,1300098.647
1874,1304565.818
1875,1297619.103
1876,1299614.248
1877,1296157.147
1878,1313507.273
1879,1300634.044
1880,1302308.475
1881,1307293.593
1882,1302311.731
1883,1301733.769
1884,1298364.11
1885,1315544.885
1886,1294880.047
1887,1300475.321
1888,1305020.559
1889,1301338.904
1890,1306741.16
1891,1300243.45
1892,1309166.05
1893,1305404.769
1894,1301730.928
1895,1301788.753
1896,1300332.853
1897,1297213.862
1898,1304418.921
1899,1308847.103
1900,1305432.024
1901,1298774.497
1902,1293764.466
1903,1316774.249
1904,1300457.719
1905,1297837.487
1906,1305303.201
1907,1299092.859
1908,1299114.314
1909,1305019.696
1910,1307481.596
1911,1303840.336
1912,1306063.828
1913,1300037.418
1914,1299665.918
1915,1295925.825
1916,1299993.72
1917,1295285.746
1918,1306478.414
1919,1313794.379
1920,1307670.167
1921,1303948.748
1922,1308290.742
1923,1308239.634
1924,1303219.287
1925,1310946.717
1926,1303552.396
1927,1311367.688
1928,1307920.949
1929,1299788.033
1930,1300253.158
1931,1300238.387
1932,1302673.274
1933,1298065.995
1934,1304873.514
1935,1305063.982
1936,1308504.093
1937,1299232.687
1938,1300277.273
1939,1314407.206
1940,1291869.021
1941,1300929.714
1942,1307705.208
1943,1314220.871
1944,1300318.014
1945,1307170.808
1946,1301778.215
1947,1309181.796
1948,1301413.081
1949,1294384.45
1950,1295242.957
1951,1301021.592
1952,1306657.08
1953,1301161.182
1954,1299971.537
1955,1295018.836
1956,1305850.119
1957,1299997.383
1958,1306748.9
1959,1307677.054
1960,1303440.234
1961,1312998.94
1962,1305515.566
1963,1309768.325
1964,1298384.34
1965,1294251.558
1966,1292010.897
1967,1312183.599
1968,1308405.474
1969,1293973.43
1970,1301162.764
1971,1299560.198
1972,1307805.989
1973,1299660.796
1974,1302566.475
1975,1305161.975
1976,1306439.503
1977,1296947.356
1978,1293334.129
1979,1295708.424
1980,1306398.907
1981,1302868.933
1982,1304344.576
1983,1300820.666
1984,1294017.163
1985,1308099.467
1986,1307774.674
1987,1312345.988
1988,1296448.765
1989,1302059.345
1990,1307060.521
1991,1308701.464
1992,1309256.839
1993,1300855.803
1994,1302792.734
1995,1302453.383
1996,1297713.39
1997,1298591.253
1998,1297877.526
1999,1306059.999
2000,1297370.593
2001,1301695.637
2002,1306528.784
2003,1306762.344
2004,1310784.084
2005,1312231.991
2006,1302001.758
2007,1305727.283
2008,1294460.077
2009,1302436.835
2010,1306059.834
2011,1302649.138
2012,1304626.463
2013,1303125.732
2014,1300388.141
2015,1295725.854
2016,1294982.44
2017,1305379.67
2018,1308005.452
2019,1310494.214
2020,1307971.858
2021,1309905.173
2022,1292163.748
2023,1298933.356
2024,1303878.412
2025,1312072.654
2026,1303918.061
2027,1298810.261
2028,1310551.285
2029,1300296.244
2030,1302038.006
2031,1307005.959
2032,1310519.637
2033,1308656.901
2034,1296231.251
2035,1305531.291
2036,1303912.981
2037,1311754.231
2038,1305642.784
2039,1312444.702
2040,1313819.824
2041,1303921.236
2042,1302074.898
2043,1309835.041
2044,1300763.58
2045,1300830.187
2046,1301085.396
2047,1309409.847
2048,1302251.582
2049,1309612.142
2050,1305920.563
2051,1314186.718
2052,1299943.059
2053,1307890.195
2054,1308662.578
2055,1311206.2
2056,1312494.214
2057,1301658.229
2058,1304686.81
2059,1307348.819
2060,1300768.857
2061,1307868.826
2062,1305978.237
2063,1297618.765
2064,1310361.772
2065,1300672.437
2066,1299212.338
2067,1318287.527
2068,1298988.969
2069,1298005.28
2070,1299200.042
2071,1301813.895
2072,1316647.517
2073,1309348.637
2074,1302879.529
2075,1299893.201
2076,1304699.965
2077,1296557.792
2078,1294309.904
2079,1303336.234
2080,1296287.462
2081,1297642.089
2082,1299238.769
2083,1302604.022
2084,1302654.568
2085,1297838.515
2086,1306080.557
2087,1304201.528
2088,1304746.368
2089,1306647.553
2090,1302650.07
2091,1303320.143
2092,1319199.797
2093,1310215.508
2094,1295076.249
2095,1302394.745
2096,1312290.701
2097,1304283.188
2098,1298513.488
2099,1309675.896
2100,1301576.906
2101,1302313.201
2102,1315412.909
2103,1309232.08
2104,1309696.793
2105,1303045.833
2106,1298447.646
2107,1305924.211
2108,1309212.106
2109,1296588.63
2110,1310657.833
2111,1290117.943
2112,1311023.411
2113,1298190.525
2114,1303616.886
2115,1305059.288
2116,1307125.783
2117,1302639.353
2118,1302745.743
2119,1309091.311
2120,1306812.125
2121,1295845.925
2122,1311955.032
2123,1315605.014
2124,1304727.072
2125,1314765.297
2126,1302833.791
2127,1299032.843
2128,1300764.65
2129,1305385.198
2130,1299389.135
2131,1297135.017
2132,1303767.506
2133,1302909.874
2134,1305976.664
2135,1307956.94
2136,1301894.586
2137,1305788.847
2138,1301393.21
2139,1299968.083
2140,1310908.57
2141,1296672.311
2142,1302036.158
2143,1307973.897
2144,1295865.75
2145,1304185.532
2146,1302907.483
2147,1305109.093
2148,1308046.741
2149,1298827.202
2150,1306086.464
2151,1303331.184
2152,1295721.787
2153,1294177.814
2154,1300397.5
2155,1311005.212
2156,1300812.64
2157,1305738.961
2158,1309430.367
2159,1295002.494
2160,1298791.032
2161,1305626.688
2162,1316404.985
2163,1306767.324
2164,1301437.5
2165,1303417.658
2166,1306428.512
2167,1306096.489
2168,1305158.304
2169,1304914.501
2170,1303251.404
2171,1306269.964
2172,1296350.698
2173,1310477.635
2174,1300445.504
2175,1297688.212
2176,1299569.645
2177,1302454.576
2178,1314565.646
2179,1308615.049
2180,1306886.392
2181,1305215.298
2182,1318831.795
2183,1315649.705
2184,1309442.286
2185,1309356.478
2186,1298314.417
2187,1296413.363
2188,1299810.563
2189,1305816.537
2190,1309558.862
2191,1304694.567
2192,1312486.133
2193,1313751.108
2194,1306657.79
2195,1307485.643
2196,1301846.971
2197,1304598.833
2198,1301010.761
2199,1298673.638
2200,1296356.283
2201,1304359.732
2202,1304119.154
2203,1294082.555
2204,1305108.635
2205,1298321.48
2206,1292851.049
2207,1300430.414
2208,1301754.896
2209,1296401.725
2210,1309883.426
2211,1302127.535
2212,1299311.746
2213,1299357.411
2214,1307223.889
2215,1309877.79
2216,1299183.856
2217,1300871.336
2218,1304932.992
2219,1307785.401
2220,1299290.363
2221,1306966.274
2222,1303242.351
2223,1302619.183
2224,1307354.933
2225,1296274.477
2226,1314448.768
2227,1306907.184
2228,1300747.712
2229,1309951.823
2230,1297852.662
2231,1310123.336
2232,1304581.237
2233,1307590.602
2234,1302225.43
2235,1303527.436
2236,1298219.868
2237,1307836.871
2238,1303034.225
2239,1296613.868
2240,1297285.058
2241,1304047.504
2242,1305518.262
2243,1305775.966
2244,1306591.052
2245,1301042.885
2246,1304980.144
2247,1296612.612
2248,1298884.366
2249,1307387.266
2250,1303873.645
2251,1309387.147
2252,1295951.116
2253,1313240.08
2254,1301809.361
2255,1302566.343
2256,1306972.346
2257,1304461.37
2258,1303148.436
2259,1307450.179
2260,1302295.273
2261,1312028.41
2262,1293922.56
2263,1302980.125
2264,1305502.226
2265,1309732.875
2266,1295457.146
2267,1317874.468
2268,1306879.533
2269,1301172.193
2270,1302964.905
2271,1302796.34
2272,1298570.455
2273,1315096.973
2274,1303181.973
2275,1308649.683
2276,1295268.113
2277,1309514.367
2278,1297224.337
2279,1310656.143
2280,1306312.121
2281,1297566.12
2282,1304739.975
2283,1314176.619
2284,1307272.636
2285,1304690.17
2286,1302560.833
2287,1300676.049
2288,1298128.141
2289,1305254.542
2290,1306477.478
2291,1295373.294
2292,1301664.049
2293,1298962.597
2294,1295574.684
2295,1302859.144
2296,1299438.546
2297,1310977.871
2298,1306390.264
2299,1309254.046
2300,1295826.368
2301,1303314.022
2302,1310841.432
2303,1300627.507
2304,1298841.19
2305,1301110.493
2306,1298414.978
2307,1307602.675
2308,1308430.425
2309,1302544.802
2310,1308460.758
2311,1306609.195
2312,1296259.831
2313,1300892.504
2314,1298452.195
2315,1304608.075
2316,1310196.018
2317,1295867.262
2318,1301163.444
2319,1298625.465
2320,1307512.811
2321,1310601.521
2322,1295026.953
2323,1302764.427
2324,1300128.323
2325,1305136.82
2326,1306670.188
2327,1308446.075
2328,1311427.377
2329,1306973.114
2330,1303127.339
2331,1309800.181
2332,1293130.479
2333,1296951.87
2334,1309276.34
2335,1301824.986
2336,1310656.9
2337,1304087.759
2338,1305977.806
2339,1309691.809
2340,1307738.427
2341,1293978.346
2342,1300485.22
2343,1301193.148
2344,1304925.362
2345,1307503.105
2346,1307532.631
2347,1302714.879
2348,1301106.224
2349,1304530.331
2350,1301705.937
2351,1306926.325
2352,1304008.729
2353,1291524.606
2354,1302181.344
2355,1306403.294
2356,1309780.592
2357,1303222.832
2358,1304446.594
2359,1302833.604
2360,1296994.079
2361,1307448.732
2362,1305131.495
2363,1304191.861
2364,1303370.294
2365,1310604.09
2366,1309203.152
2367,1304463.376
2368,1305678.078
2369,1306003.578
2370,1310745.944
2371,1297806.833
2372,1304077.275
2373,1307631.037
2374,1313003.83
2375,1304055.206
2376,1311054.475
2377,1295450.869
2378,1301230.626
2379,1298312.531
2380,1309479.447
2381,1310086.488
2382,1303335.981
2383,1301442.47
2384,1304640.6
2385,1318964.268
2386,1299768.815
2387,1301087.801
2388,1301855.499
2389,1296650.287
2390,1309326.233
2391,1300624.249
2392,1303195.645
2393,1309562.624
2394,1291451.706
2395,1300378.657
2396,1306321.002
2397,1303932.869
2398,1302077.833
2399,1304452.892
2400,1299761.809
2401,1298257.232
2402,1296071.328
2403,1296356.929
2404,1294206.495
2405,1300788.808
2406,1294025.465
2407,1301020.846
2408,1299463.482
2409,1309274.178
2410,1302617.636
2411,1312152.505
2412,1303758.147
2413,1303387.65
2414,1303600.462
2415,1293641.834
2416,1310075.336
2417,1299686.806
2418,1294878.955
2419,1305416.279
2420,1308947.259
2421,1303205.696
2422,1306662.009
2423,1306329.385
2424,1292809.205
2425,1297128.066
2426,1298783.141
2427,1296586.277
2428,1302138.134
2429,1301727.955
2430,1301908.622
2431,1306383.851
2432,1294717.822
2433,1301213.389
2434,1309458.778
2435,1305946.936
2436,1309822.751
2437,1303558.104
2438,1304166.041
2439,1296664.642
2440,1299273.896
2441,1312081.828
2442,1298450.428
2443,1303786.435
2444,1299916.879
2445,1305236.709
2446,1296796.469
2447,1303219.282
2448,1297128.372
2449,1310739.174
2450,1308107.198
2451,1300171.739
2452,1297407.72
2453,1304391.532
2454,1304524.559
2455,1305819.503
2456,1309900.962
2457,1310413.247
2458,1309177.182
2459,1300952.549
2460,1307671.629
2461,1305299.114
2462,1303372.634
2463,1310106.646
2464,1302024.667
2465,1299036.845
2466,1312343.849
2467,1306382.724
2468,1315789.673
2469,1306662.386
2470,1299091.017
2471,1304606.516
2472,1300613.376
2473,1306372.496
2474,1303369.1
2475,1298271.122
2476,1299338.293
2477,1304988.746
2478,1314927.215
2479,1312967.28
2480,1298207.889
2481,1304568.653
2482,1301629.737
2483,1308255.283
2484,1298802.187
2485,1301437.568
2486,1308976.039
2487,1292421.709
2488,1301197.397
2489,1307906.968
2490,1295442.205
2491,1295329.035
2492,1299162.166
2493,1301732.606
2494,1299448.151
2495,1303989.089
2496,1304951.368
2497,1314272.578
2498,1301989.313
2499,1300343.928
2500,1310158.807
2501,1299190.554
2502,1300299.454
2503,1297362.86
2504,1298036.545
2505,1303421.37
2506,1299834.79
2507,1301887.676
2508,1299352.207
2509,1309137.036
2510,1311788.857
2511,1305984.57
2512,1307340.9
2513,1294632.61
2514,1310485.571
2515,1306780.857
2516,1298685.192
2517,1299053.871
2518,1313327.254
2519,1291785.956
2520,1297924.203
2521,1305269.3
2522,1308193.848
2523,1302602.881
2524,1296410.998
2525,1304520.087
2526,1303971.662
2527,1298959.261
2528,1310500.316
2529,1311647.462
2530,1308235.312
2531,1297335.726
2532,1298144.613
2533,1296863.229
2534,1301452.113
2535,1299824.515
2536,1302563.411
2537,1306423.522
2538,1312960.224
2539,1303666.253
2540,1303442.497
2541,1307847.529
2542,1297709.053
2543,1310175.903
2544,1297684.004
2545,1309390.292
2546,1293488.712
2547,1296187.306
2548,1299788.452
2549,1300490.139
2550,1303946.47
2551,1308005.928
2552,1301066.055
2553,1310360.081
2554,1304974.743
2555,1298704.133
2556,1314951.865
2557,1305705.994
2558,1308886.33
2559,1304017.926
2560,1302406.545
2561,1299672.646
2562,1309695.112
2563,1305708.181
2564,1298142.248
2565,1302688.805
2566,1309003.283
2567,1304504.63
2568,1302036.526
2569,1297053.413
2570,1309404.717
2571,1304443.095
2572,1296076.384
2573,1310615.103
2574,1292278.407
2575,1307716.665
2576,1302763.83
2577,1312354.641
2578,1309779.293
2579,1302522.572
2580,1309554.31
2581,1301131.635
2582,1301610.087
2583,1294402.591
2584,1302245.882
2585,1309137.446
2586,1301730.143
2587,1308978.56
2588,1291718.216
2589,1302719.688
2590,1300677.233
2591,1298893.831
2592,1306545.069
2593,1313325.674
2594,1315656.927
2595,1301078.959
2596,1302057.314
2597,1305748.055
2598,1301176.422
2599,1301582.313
2600,1312578.266
2601,1297083.217
2602,1299475.407
2603,1303352.385
2604,1291904.121
2605,1302015.227
2606,1298758.414
2607,1302991.298
2608,1302264.05
2609,1298705.883
2610,1304085.458
2611,1305891.644
2612,1303222.531
2613,1302071.758
2614,1303032.021
2615,1303982.073
2616,1298464.002
2617,1310714.212
2618,1294782.241
2619,1297621.227
2620,1310376.454
2621,1311268.557
2622,1303888.035
2623,1295121.179
2624,1307673.953
2625,1311778.351
2626,1304439.917
2627,1302755.969
2628,1304036.194
2629,1294979.828
2630,1293869.273
2631,1306813.379
2632,1308175.13
2633,1311089.682
2634,1299571.518
2635,1302336.149
2636,1315446.867
2637,1311290.009
2638,1301387.278
2639,1303732.644
2640,1308778.479
2641,1299431.448
2642,1301561.499
2643,1307838.071
2644,1299129.555
2645,1303246.802
2646,1308818.568
2647,1301563.47
2648,1314467.617
2649,1306949.247
2650,1302242.149
2651,1300931.54
2652,1304797.31
2653,1299821.703
2654,1305838.618
2655,1305953.112
2656,1304792.629
2657,1307765.362
2658,1294833.202
2659,1308908.929
2660,1305916.496
2661,1296772.704
2662,1297308.745
2663,1296641.573
2664,1313985.939
2665,1307469.109
2666,1311683.342
2667,1298890.77
2668,1300523.281
2669,1303488.807
2670,1297610.928
2671,1297584.399
2672,1303178.323
2673,1303532.297
2674,1295777.125
2675,1311455.098
2676,1303768.656
2677,1304407.08
2678,1294347.217
2679,1298740.228
2680,1299941.92
2681,1317064.448
2682,1299730.407
2683,1300558.197
2684,1304576.261
2685,1300047.773
2686,1303350.678
2687,1299195.736
2688,1301205.13
2689,1299512.164
2690,1295713.679
2691,1306369.263
2692,1305092.628
2693,1299090.437
2694,1300577.558
2695,1307720.985
2696,1293496.368
2697,1312833.916
2698,1301156.813
2699,1298232.914
2700,1302177.939
2701,1297783.313
2702,1298662.728
2703,1301575.764
2704,1296073.632
2705,1304341.568
2706,1298329.117
2707,1304551.947
2708,1301033.461
2709,1310604.272
2710,1297574.929
2711,1305633.828
2712,1311150.506
2713,1317818.619
2714,1303953.614
2715,1298815.905
2716,1303999.911
2717,1304682.453
2718,1303075.584
2719,1299078.124
2720,1302477.921
2721,1297531.986
2722,1308096.828
2723,1302987.191
2724,1300397.955
2725,1304894.965
2726,1299742.923
2727,1309276.31
2728,1297964.762
2729,1298087.195
2730,1303121.618
2731,1302363.809
2732,1287516.229
2733,1296511.826
2734,1296869.284
2735,1306453.609
2736,1303025.633
2737,1302013.937
2738,1300374.185
2739,1305301.018
2740,1303640.91
2741,1306844.012
2742,1304106.709
2743,1304875.152
2744,1294188.864
2745,1299389.198
2746,1300525.011
2747,1303914.042
2748,1301017.408
2749,1293187.95
2750,1307689.473
2751,1299034.748
2752,1312099.079
2753,1301670.591
2754,1313307.659
2755,1307094.354
2756,1309249.053
2757,1302066.627
2758,1298180.038
2759,1293723.986
2760,1293761.262
2761,1306418.832
2762,1302742.397
2763,1300969.117
2764,1313063.463
2765,1306913.885
2766,1299528.352
2767,1300411.104
2768,1301762.281
2769,1302201.48
2770,1297307.041
2771,1306066.55
2772,1310499.429
2773,1304491.396
2774,1311367.634
2775,1298463.321
2776,1298470.398
2777,1300148.497
2778,1302292.674
2779,1300686.625
2780,1301078.017
2781,1314686.966
2782,1313488.569
2783,1301817.676
2784,1306779.819
2785,1294342.11
2786,1302845.626
2787,1306825.277
2788,1296145.134
2789,1299811.75
2790,1301414.383
2791,1292999.385
2792,1310468.774
2793,1298412.382
2794,1314452.355
2795,1307456.341
2796,1305166.928
2797,1310197.687
2798,1301368.516
2799,1303748.066
2800,1307733.537
2801,1312461.582
2802,1294340.009
2803,1304457.901
2804,1299908.462
2805,1304600.374
2806,1301359.057
2807,1291617.711
2808,1300793.531
2809,1300032.462
2810,1302144.97
2811,1299810.319
2812,1303579.306
2813,1300268.464
2814,1300663.696
2815,1309862.575
2816,1294446.264
2817,1292784.812
2818,1303222.142
2819,1302404.185
2820,1307930.987
2821,1304925.787
2822,1296424.105
2823,1294825.016
2824,1309712.456
2825,1308748.58
2826,1299052.132
2827,1298752.243
2828,1304091.003
2829,1303016.239
2830,1295390.68
2831,1296169.143
2832,1303346.513
2833,1306201.269
2834,1297615.466
2835,1300619.742
2836,1304667.567
2837,1295007.645
2838,1301637.595
2839,1301160.115
2840,1296079.92
2841,1297141.878
2842,1301430.514
2843,1299534.61
2844,1307239.221
2845,1302495.9
2846,1299544.013
2847,1306078.87
2848,1306230.106
2849,1305392.652
2850,1297412.129
2851,1294807.971
2852,1295550.943
2853,1299539.379
2854,1298809.237
2855,1302291.562
2856,1296444.647
2857,1304616.51
2858,1303392.691
2859,1305671.811
2860,1301444.477
2861,1311155.187
2862,1297449.146
2863,1301409.568
2864,1299363.49
2865,1304259.332
2866,1299836.757
2867,1308276.07
2868,1296291.171
2869,1297759.27
2870,1302367.452
2871,1299124.28
2872,1308833.526
2873,1303654.251
2874,1297574.083
2875,1295959.86
2876,1300589.177
2877,1313910.729
2878,1303016.762
2879,1304222.316
2880,1302999.826
2881,1303766.248
2882,1296321.583
2883,1315047.021
2884,1297143.725
2885,1307275.104
2886,1307378.208
2887,1304866.242
2888,1295571.046
2889,1309783.967
2890,1305814.761
2891,1299114.534
2892,1304697.52
2893,1304734.181
2894,1301373.337
2895,1300490.048
2896,1311975.894
2897,1300504.009
2898,1309948.724
2899,1304054.94
2900,1313068.224
2901,1307307.313
2902,1305092.547
2903,1300561.075
2904,1295438.417
2905,1301394.644
2906,1314308.892
2907,1306372.545
2908,1305076.392
2909,1308650.09
2910,1295113.638
2911,1297275.36
2912,1295833.899
2913,1306774.387
2914,1307562.711
2915,1319798.111
2916,1305326.42
2917,1299460.092
2918,1297190.78
2919,1303503.403
2920,1294667.919
2921,1307479.162
2922,1298781.849
2923,1311726.01
2924,1308224.075
2925,1311756.776
2926,1296160.761
2927,1294064.137
2928,1308549.046
2929,1299249.664
2930,1302248.957
2931,1296820.667
2932,1299133.87
2933,1301438.206
2934,1308648.986
2935,1304048.891
2936,1311496.586
2937,1299683.193
2938,1298524.802
2939,1306381.34
2940,1313521.113
2941,1312317.952
2942,1317508.56
2943,1300553.385
2944,1306424.328
2945,1297614.801
2946,1302437.782
2947,1306861.409
2948,1304292.013
2949,1301346.276
2950,1293431.993
2951,1306268.402
2952,1314637.745
2953,1300978.273
2954,1304272.836
2955,1305195.461
2956,1303861.043
2957,1309888.881
2958,1300810.134
2959,1301395.224
2960,1306230.205
2961,1302395.742
2962,1302261.079
2963,1307487.885
2964,1304177.331
2965,1297107.344
2966,1305172.746
2967,1296205.704
2968,1309279.445
2969,1305630.721
2970,1299281.812
2971,1307598.197
2972,1303852.661
2973,1307396.251
2974,1300755.683
2975,1311463.565
2976,1315988.252
2977,1308972.054
2978,1297212.357
2979,1295723.487
2980,1312106.374
2981,1298624.302
2982,1306331.707
2983,1306793.581
2984,1297865.827
2985,1304307.978
2986,1296072.22
2987,1293272.185
2988,1302755.4
2989,1301409.843
2990,1303545.533
2991,1300167.427
2992,1295015.278
2993,1304163.326
2994,1307735.194
2995,1304483.294
2996,1305450.399
2997,1300038.884
2998,1301455.844
2999,1310396.533
3000,1301997.438
3001,1298131.644
3002,1312180.333
3003,1300610.233
3004,1303897.672
3005,1295632.719
3006,1305817.876
3007,1297715.508
3008,1318428.316
3009,1296919.883
3010,1300393.614
3011,1296876.938
3012,1304828.687
3013,1307080.069
3014,1300988.98
3015,1304420.216
3016,1297078.157
3017,1298932.534
3018,1301250.311
3019,1306722.105
3020,1299706.618
3021,1307353.544
3022,1305110.469
3023,1308378.408
3024,1313765.55
3025,1315015.756
3026,1301564.869
3027,1295636.429
3028,1303942.622
3029,1301935.432
3030,1300916.852
3031,1299215.618
3032,1307988.347
3033,1315917.892
3034,1309766.286
3035,1308017.807
3036,1304553.746
3037,1299935.027
3038,1301708.91
3039,1298449.333
3040,1307974.44
3041,1300864.963
3042,1300245.89
3043,1305558.927
3044,1303290.704
3045,1301893.451
3046,1304822.674
3047,1301184.836
3048,1299729.733
3049,1298010.463
3050,1297296.834
3051,1303285.577
3052,1302666.619
3053,1305330.536
3054,1295384.058
3055,1294398.232
3056,1297135.821
3057,1304188.304
3058,1307189.401
3059,1303488.521
3060,1306653.342
3061,1303467.623
3062,1298445.526
3063,1294763.625
3064,1305800.951
3065,1299599.668
3066,1298111.081
3067,1290339.235
3068,1295645.343
3069,1300562.992
3070,1304217.405
3071,1296128.257
3072,1309034.176
3073,1292060.791
3074,1304997.724
3075,1301705.714
3076,1299620.329
3077,1311314.111
3078,1289126.648
3079,1306776.157
3080,1308798.223
3081,1302577.24
3082,1308978.858
3083,1295857.701
3084,1308645.266
3085,1305691.374
3086,1309020.602
3087,1308668.044
3088,1308515.991
3089,1301165.334
3090,1306242.29
3091,1306223
3092,1302154.864
3093,1302525.668
3094,1297072.409
3095,1304016.045
3096,1300724.04
3097,1305819.128
3098,1302594.4
3099,1299607.702
3100,1304393.685
3101,1294284.562
3102,1298556.168
3103,1297424.081
3104,1305962.039
3105,1302507.265
3106,1296228.923
3107,1298505.485
3108,1304886.772
3109,1301040.383
3110,1294535.125
3111,1303151.196
3112,1300387.895
3113,1309493.475
3114,1303726.316
3115,1300364.576
3116,1301605.178
3117,1304888.79
3118,1304453.124
3119,1307401.974
3120,1296654.208
3121,1309921.913
3122,1300706.966
3123,1307326.337
3124,1309011.932
3125,1302700.434
3126,1306946.729
3127,1303946.142
3128,1312080.053
3129,1300207.57
3130,1298132.272
3131,1314844.074
3132,1302196.56
3133,1302048.498
3134,1293931.85
3135,1311451.56
3136,1300144.075
3137,1304777.776
3138,1304606.189
3139,1316276.281
3140,1310855.889
3141,1302232.686
3142,1309497.636
3143,1305718.998
3144,1293796.146
3145,1304610.531
3146,1305944.856
3147,1300480.099
3148,1299747.688
3149,1302742.217
3150,1307100.851
3151,1300402.079
3152,1306513.656
3153,1300430.608
3154,1303904.042
3155,1307827.366
3156,1310867.722
3157,1303100.772
3158,1294176.963
3159,1299702.849
3160,1296015.245
3161,1299044.956
3162,1303061.912
3163,1296708.194
3164,1308190.719
3165,1303887.302
3166,1301909.076
3167,1308047.792
3168,1297639.175
3169,1305938.198
3170,1316969.827
3171,1309568.529
3172,1307805.077
3173,1301128.227
3174,1305934.582
3175,1302432.77
3176,1304496.147
3177,1301939.166
3178,1305785.456
3179,1305616.055
3180,1312376.731
3181,1306192.565
3182,1302432.734
3183,1297065.429
3184,1299488.878
3185,1294491.288
3186,1289482.263
3187,1300385.986
3188,1300133.43
3189,1305415.669
3190,1306734.514
3191,1295415.159
3192,1295031.9
3193,1299167.598
3194,1311695.102
3195,1306217.663
3196,1300530.977
3197,1302675.661
3198,1301193.012
3199,1308985.001
3200,1298570.856
3201,1298187.853
3202,1301229.391
3203,1304691.075
3204,1305460.336
3205,1310368.244
3206,1297620.171
3207,1311197.955
3208,1304740.368
3209,1304100.163
3210,1301181.99
3211,1295230.81
3212,1303057.973
3213,1300618.199
3214,1305964.847
3215,1291988.962
3216,1294245.42
3217,1313375.095
3218,1297529.866
3219,1310284.506
3220,1302076.554
3221,1296314.681
3222,1301138.246
3223,1300056.105
3224,1303570.262
3225,1301820.787
3226,1299044.498
3227,1298751.896
3228,1299106.959
3229,1295811.393
3230,1310200.375
3231,1303766.902
3232,1312345.036
3233,1301663.968
3234,1292359.561
3235,1291462.619
3236,1303488.648
3237,1304138.953
3238,1293105.958
3239,1307135.526
3240,1309773.9
3241,1303927.193
3242,1297158.48
3243,1307337.792
3244,1312355.289
3245,1298816.713
3246,1303884.509
3247,1299556.93
3248,1301042.066
3249,1290926.508
3250,1295667.343
3251,1304427.227
3252,1305501.293
3253,1305122.106
3254,1312943.967
3255,1310382.332
3256,1311609.305
3257,1303590.879
3258,1303083.204
3259,1305123.549
3260,1305910.78
3261,1307829.394
3262,1307130.373
3263,1296521.526
3264,1306242.999
3265,1305781.442
3266,1307113.984
3267,1301808.438
3268,1313006.59
3269,1310756.336
3270,1304867.177
3271,1309830.445
3272,1306953.145
3273,1310822.276
3274,1303224.976
3275,1307024.678
3276,1299498.836
3277,1301291.771
3278,1300005.481
3279,1298549.869
3280,1299551.864
3281,1306945.039
3282,1297525.432
3283,1302109.616
3284,1308113.126
3285,1305178.808
3286,1304297.943
3287,1300572.523
3288,1300479.593
3289,1309620.957
3290,1303749.996
3291,1297004.16
3292,1305780.041
3293,1312403.881
3294,1298502.685
3295,1299242.148
3296,1303665.595
3297,1302887.176
3298,1306426.846
3299,1300546.942
3300,1304948.505
3301,1300648.008
3302,1300435.627
3303,1301155.836
3304,1307232.153
3305,1308686.394
3306,1302054.038
3307,1303514.768
3308,1296766.292
3309,1312148.389
3310,1313914.664
3311,1289657.52
3312,1308210.626
3313,1313132.792
3314,1298305.13
3315,1298047.14
3316,1312648.926
3317,1305136.084
3318,1300890.412
3319,1305218.23
3320,1300158.923
3321,1295813.502
3322,1306366.572
3323,1304997.343
3324,1298334.476
3325,1300796.374
3326,1306369.15
3327,1296169.354
3328,1304647.673
3329,1313137.852
3330,1299565.39
3331,1305110.707
3332,1305694.066
3333,1295729.385
3334,1301668.359
3335,1297498.305
3336,1305219.482
3337,1305655.615
3338,1300136.839
3339,1300732.946
3340,1312512.601
3341,1293185.907
3342,1300169.352
3343,1302079.156
3344,1307099.362
3345,1311763.76
3346,1293537.294
3347,1297902.38
3348,1296353.041
3349,1298236.272
3350,1308631.586
3351,1306984.416
3352,1307881.868
3353,1301897.3
3354,1296631.983
3355,1309903.13
3356,1299982.286
3357,1312684.645
3358,1297003.569
3359,1302959.787
3360,1301868.765
3361,1300311.809
3362,1298499.821
3363,1296057.378
3364,1306425.65
3365,1297038.34
3366,1305899.918
3367,1297844.335
3368,1312126.288
3369,1309603.333
3370,1304903.757
3371,1304099.822
3372,1304948.255
3373,1300030.409
3374,1305903.13
3375,1306934.948
3376,1305430.335
3377,1303854.469
3378,1307131.746
3379,1310022.405
3380,1312096.725
3381,1306132.753
3382,1305966.239
3383,1318411.114
3384,1293347.155
3385,1305070.83
3386,1314186.474
3387,1311456.836
3388,1299796.794
3389,1306174.909
3390,1299484.996
3391,1304273.861
3392,1309225.065
3393,1297577.395
3394,1302967.306
3395,1296754.93
3396,1300496.88
3397,1299729.444
3398,1308944.545
3399,1300356.81
3400,1315716.72
3401,1299258.606
3402,1296045.425
3403,1297069.611
3404,1306029.839
3405,1300577.127
3406,1301277.561
3407,1306088.591
3408,1308642.895
3409,1304891.402
3410,1305282.507
3411,1299083.364
3412,1302854.536
3413,1305057.796
3414,1296061.659
3415,1301060.775
3416,1300426.773
3417,1301187.152
3418,1293421.231
3419,1293360.607
3420,1298451.337
3421,1301777.479
3422,1300545.023
3423,1299457.002
3424,1298338.799
3425,1306914.276
3426,1307436.275
3427,1298553.379
3428,1306175.92
3429,1297026.586
3430,1305110.719
3431,1310634.626
3432,1301279.332
3433,1295614.704
3434,1304235.169
3435,1301984.934
3436,1312358.527
3437,1298083.418
3438,1301972.467
3439,1314708.292
3440,1304018.414
3441,1305575.81
3442,1304306.585
3443,1300112.071
3444,1319121.094
3445,1305408.421
3446,1302710.746
3447,1302857.608
3448,1313258.524
3449,1308916.824
3450,1301810.819
3451,1301811.237
3452,1297419.178
3453,1303414.063
3454,1306426.877
3455,1306842.597
3456,1304287.868
3457,1303015.11
3458,1307542.481
3459,1301667.835
3460,1298382.368
3461,1303448.584
3462,1300113.943
3463,1313607.591
3464,1302405.137
3465,1301436.939
3466,1303934.689
3467,1301460.828
3468,1301578.469
3469,1306743.891
3470,1300618.509
3471,1289614.414
3472,1304306.477
3473,1306497.634
3474,1293467.41
3475,1301913.29
3476,1301469.661
3477,1297470.273
3478,1304133.897
3479,1296057.043
3480,1299074.354
3481,1315973.252
3482,1314296.307
3483,1304303.218
3484,1304665.256
3485,1299488.249
3486,1305135.929
3487,1309940.803
3488,1307099.634
3489,1299420.254
3490,1307566.845
3491,1297689.282
3492,1304205.024
3493,1298171.935
3494,1297047.114
3495,1303258.249
3496,1305312.401
3497,1299751.982
3498,1311510.648
3499,1306961.767
3500,1309388.584
